algorithm,regime,seed,mass_scale,friction_scale,episode,return,length,distance_m,success
PPO,nominal,0,0.6,0.5,0,565.5078505346107,186,3.0458335658698314,0
PPO,nominal,0,0.6,0.5,1,568.0519027715662,187,3.058257182383684,0
PPO,nominal,0,0.6,0.5,2,572.16871043729,189,3.0752277292774854,0
PPO,nominal,0,0.6,0.5,3,568.9955904865675,188,3.057839268973796,0
PPO,nominal,0,0.6,0.5,4,568.2098618189676,187,3.0595677677466946,0
PPO,nominal,0,0.6,0.5,5,566.3005400536546,187,3.0441971785883446,0
PPO,nominal,0,0.6,0.5,6,567.9410274759754,187,3.0574271701741083,0
PPO,nominal,0,0.6,0.5,7,571.6510993246682,188,3.0790506512383455,0
PPO,nominal,0,0.6,0.5,8,570.406051105843,188,3.0690233345799833,0
PPO,nominal,0,0.6,0.5,9,566.9101823773317,187,3.0491497869050157,0
PPO,nominal,0,0.6,0.75,0,1209.2431405981595,361,6.796739060131309,0
PPO,nominal,0,0.6,0.75,1,1278.814794615868,381,7.193361552114644,0
PPO,nominal,0,0.6,0.75,2,1468.3244659941818,440,8.237929226835163,0
PPO,nominal,0,0.6,0.75,3,1220.5269062356122,351,6.966687196808597,0
PPO,nominal,0,0.6,0.75,4,1297.707892743855,383,7.328509501783212,0
PPO,nominal,0,0.6,0.75,5,1273.8689344011152,381,7.15372055965825,0
PPO,nominal,0,0.6,0.75,6,1209.8148362042502,363,6.78538484453677,0
PPO,nominal,0,0.6,0.75,7,1370.2411997774511,402,7.756779772029288,0
PPO,nominal,0,0.6,0.75,8,1213.7659126792018,362,6.824889242510361,0
PPO,nominal,0,0.6,0.75,9,1471.9298198177771,424,8.39451152061043,0
PPO,nominal,0,0.6,1.0,0,3324.8118163792606,1000,18.609106063572007,1
PPO,nominal,0,0.6,1.0,1,3370.503649686376,1000,18.974235735195105,1
PPO,nominal,0,0.6,1.0,2,3344.3395878854476,1000,18.765324108400453,1
PPO,nominal,0,0.6,1.0,3,3288.554170585648,1000,18.318612512238904,1
PPO,nominal,0,0.6,1.0,4,3280.743080643696,1000,18.25652438218829,1
PPO,nominal,0,0.6,1.0,5,3352.2931685110925,1000,18.828611612488675,1
PPO,nominal,0,0.6,1.0,6,3361.198852178007,1000,18.900001498703187,1
PPO,nominal,0,0.6,1.0,7,3279.4592550333523,1000,18.245992998662782,1
PPO,nominal,0,0.6,1.0,8,3260.447569469071,1000,18.093997260379894,1
PPO,nominal,0,0.6,1.0,9,3339.98276807854,1000,18.73027443995893,1
PPO,nominal,0,0.6,1.25,0,729.8056366047334,221,4.080439745588272,0
PPO,nominal,0,0.6,1.25,1,711.4353805405013,224,3.909252412068943,0
PPO,nominal,0,0.6,1.25,2,714.3691925253187,225,3.924753063334715,0
PPO,nominal,0,0.6,1.25,3,686.2105951415107,218,3.755513769638481,0
PPO,nominal,0,0.6,1.25,4,803.4385849358515,237,4.541596880423439,0
PPO,nominal,0,0.6,1.25,5,716.3191317729812,224,3.9483798679454227,0
PPO,nominal,0,0.6,1.25,6,722.6459267498047,226,3.9830211553721497,0
PPO,nominal,0,0.6,1.25,7,720.1466733208596,225,3.97102291100629,0
PPO,nominal,0,0.6,1.25,8,721.4598876108589,225,3.9815273808710714,0
PPO,nominal,0,0.6,1.25,9,722.3480268307322,225,3.988621189340263,0
PPO,nominal,0,0.6,1.5,0,339.1959136809785,128,1.6989661605038866,0
PPO,nominal,0,0.6,1.5,1,340.2317413751969,128,1.7071830585999828,0
PPO,nominal,0,0.6,1.5,2,335.7408640755394,126,1.6873023946657268,0
PPO,nominal,0,0.6,1.5,3,337.4017820429355,127,1.6926026030740418,0
PPO,nominal,0,0.6,1.5,4,336.9437180410428,127,1.6889412750634691,0
PPO,nominal,0,0.6,1.5,5,337.8573468130301,127,1.6962400884640763,0
PPO,nominal,0,0.6,1.5,6,337.91818960462325,127,1.696694903907907,0
PPO,nominal,0,0.6,1.5,7,335.44607798226394,126,1.6849472838149087,0
PPO,nominal,0,0.6,1.5,8,335.64539342882114,126,1.6865171164013377,0
PPO,nominal,0,0.6,1.5,9,337.3285044376957,127,1.6920044627957864,0
PPO,nominal,0,0.8,0.5,0,520.6703355368546,177,2.759147758748342,0
PPO,nominal,0,0.8,0.5,1,524.6104578500453,178,2.7826033722205237,0
PPO,nominal,0,0.8,0.5,2,525.4006260623745,179,2.7809503781177565,0
PPO,nominal,0,0.8,0.5,3,524.9178602797839,178,2.7850914709623384,0
PPO,nominal,0,0.8,0.5,4,513.6787502478707,175,2.719182629799082,0
PPO,nominal,0,0.8,0.5,5,516.6509223141109,176,2.7349287622521516,0
PPO,nominal,0,0.8,0.5,6,516.2121793756296,176,2.7315089894233098,0
PPO,nominal,0,0.8,0.5,7,519.6152916375274,177,2.7506639002436697,0
PPO,nominal,0,0.8,0.5,8,515.5984749343726,175,2.73455390557876,0
PPO,nominal,0,0.8,0.5,9,526.4478208258212,178,2.797203039408709,0
PPO,nominal,0,0.8,0.75,0,858.6624820496509,259,4.8075572261410695,0
PPO,nominal,0,0.8,0.75,1,856.2631217117921,257,4.804284893012539,0
PPO,nominal,0,0.8,0.75,2,859.8592746658039,259,4.817006791045947,0
PPO,nominal,0,0.8,0.75,3,847.5953973577512,253,4.767096509829527,0
PPO,nominal,0,0.8,0.75,4,817.9723001579035,245,4.594110661716619,0
PPO,nominal,0,0.8,0.75,5,861.9085629640244,263,4.801356428312399,0
PPO,nominal,0,0.8,0.75,6,842.7139396799737,252,4.736048831025039,0
PPO,nominal,0,0.8,0.75,7,839.8758088135037,251,4.7213160239347935,0
PPO,nominal,0,0.8,0.75,8,858.0218141778066,257,4.818337391315804,0
PPO,nominal,0,0.8,0.75,9,859.2766412226998,258,4.820505166288506,0
PPO,nominal,0,0.8,1.0,0,1876.2043943176711,540,10.702066618632681,0
PPO,nominal,0,0.8,1.0,1,3332.139905064775,1000,18.667128183395175,1
PPO,nominal,0,0.8,1.0,2,3359.610036209227,1000,18.886585547310684,1
PPO,nominal,0,0.8,1.0,3,3383.1786010481087,1000,19.074742161278007,1
PPO,nominal,0,0.8,1.0,4,3357.552432927498,1000,18.870197770131966,1
PPO,nominal,0,0.8,1.0,5,3336.8405479636067,1000,18.704566709639636,1
PPO,nominal,0,0.8,1.0,6,3363.1052755259707,1000,18.9145245908532,1
PPO,nominal,0,0.8,1.0,7,3366.3669417744827,1000,18.94056563386943,1
PPO,nominal,0,0.8,1.0,8,3338.5887481768114,1000,18.718657835484375,1
PPO,nominal,0,0.8,1.0,9,3394.8740287885394,1000,19.168424475476947,1
PPO,nominal,0,0.8,1.25,0,1086.8539326923137,325,6.105303718679409,0
PPO,nominal,0,0.8,1.25,1,781.4693213337517,241,4.333724576754635,0
PPO,nominal,0,0.8,1.25,2,787.3633749818656,242,4.3728516314702635,0
PPO,nominal,0,0.8,1.25,3,815.7305605801163,246,4.567864978345938,0
PPO,nominal,0,0.8,1.25,4,965.3850333062657,287,5.4372711689813915,0
PPO,nominal,0,0.8,1.25,5,997.4874729243433,299,5.598198365987003,0
PPO,nominal,0,0.8,1.25,6,981.3086125830707,292,5.524777981346027,0
PPO,nominal,0,0.8,1.25,7,962.1421885925726,289,5.395333231047898,0
PPO,nominal,0,0.8,1.25,8,980.1474692988052,295,5.491364311333914,0
PPO,nominal,0,0.8,1.25,9,1081.0393374079435,323,6.074780808897864,0
PPO,nominal,0,0.8,1.5,0,323.2625925695026,123,1.6114647813473115,0
PPO,nominal,0,0.8,1.5,1,322.58598811561313,123,1.6060508373590356,0
PPO,nominal,0,0.8,1.5,2,325.95583260168064,124,1.625021735486948,0
PPO,nominal,0,0.8,1.5,3,323.50314023196955,123,1.6134044197011133,0
PPO,nominal,0,0.8,1.5,4,324.0131946255143,123,1.617468349518788,0
PPO,nominal,0,0.8,1.5,5,321.6380154955767,122,1.6064751707041274,0
PPO,nominal,0,0.8,1.5,6,320.2629813833354,122,1.5954715605281082,0
PPO,nominal,0,0.8,1.5,7,321.4139752248585,122,1.6046913129655236,0
PPO,nominal,0,0.8,1.5,8,321.1317609377983,122,1.6023987334288234,0
PPO,nominal,0,0.8,1.5,9,323.411379446736,123,1.6126700406171308,0
PPO,nominal,0,1.0,0.5,0,483.0464120058009,167,2.537999524742237,0
PPO,nominal,0,1.0,0.5,1,478.4105295475061,166,2.508884898366236,0
PPO,nominal,0,1.0,0.5,2,483.6015378583386,167,2.542437806032997,0
PPO,nominal,0,1.0,0.5,3,481.0617865977753,167,2.522020279045963,0
PPO,nominal,0,1.0,0.5,4,477.2151761841165,166,2.499265563438884,0
PPO,nominal,0,1.0,0.5,5,475.5093956365317,166,2.48557027586821,0
PPO,nominal,0,1.0,0.5,6,477.22495130146103,166,2.499440358199789,0
PPO,nominal,0,1.0,0.5,7,479.03948691304475,166,2.513944247794759,0
PPO,nominal,0,1.0,0.5,8,479.02641012647223,166,2.513816303886876,0
PPO,nominal,0,1.0,0.5,9,481.6470932437932,167,2.5267252357461416,0
PPO,nominal,0,1.0,0.75,0,577.2443091168235,194,3.0757399850711473,0
PPO,nominal,0,1.0,0.75,1,573.826929092064,194,3.04851295633293,0
PPO,nominal,0,1.0,0.75,2,581.2325625920222,196,3.0917673502205556,0
PPO,nominal,0,1.0,0.75,3,569.5785175093212,192,3.0305017888861303,0
PPO,nominal,0,1.0,0.75,4,576.7701054881372,195,3.06402180546027,0
PPO,nominal,0,1.0,0.75,5,577.7909754635655,195,3.0722225526747664,0
PPO,nominal,0,1.0,0.75,6,571.6870802835142,193,3.03923308452362,0
PPO,nominal,0,1.0,0.75,7,562.4959753720057,190,2.989809340447506,0
PPO,nominal,0,1.0,0.75,8,577.9640931739316,195,3.073530845651611,0
PPO,nominal,0,1.0,0.75,9,582.825565000545,196,3.1043984899883927,0
PPO,nominal,0,1.0,1.0,0,1159.7982759906915,328,6.665205329175248,0
PPO,nominal,0,1.0,1.0,1,1383.252341096058,392,7.941168057163549,0
PPO,nominal,0,1.0,1.0,2,1199.8480432667698,346,6.8415974523456855,0
PPO,nominal,0,1.0,1.0,3,1168.421727501124,331,6.7101748271760036,0
PPO,nominal,0,1.0,1.0,4,1149.8619831922215,324,6.6177669033300255,0
PPO,nominal,0,1.0,1.0,5,1137.7753169580183,321,6.545048538232099,0
PPO,nominal,0,1.0,1.0,6,1202.0677778645247,345,6.8674336834038066,0
PPO,nominal,0,1.0,1.0,7,1188.6324090592407,339,6.807768389787235,0
PPO,nominal,0,1.0,1.0,8,1202.2031604372403,349,6.8364858966174005,0
PPO,nominal,0,1.0,1.0,9,1146.524209056999,324,6.591104643623695,0
PPO,nominal,0,1.0,1.25,0,959.6001608985778,278,5.4631215007436635,0
PPO,nominal,0,1.0,1.25,1,948.3544068379052,274,5.405118449732487,0
PPO,nominal,0,1.0,1.25,2,1012.4372062902659,293,5.765958689269035,0
PPO,nominal,0,1.0,1.25,3,947.5721127707523,274,5.398898607138622,0
PPO,nominal,0,1.0,1.25,4,1023.0344891177651,306,5.746612958974301,0
PPO,nominal,0,1.0,1.25,5,924.8939467077403,274,5.217383208975212,0
PPO,nominal,0,1.0,1.25,6,958.8326199142873,278,5.456984489451096,0
PPO,nominal,0,1.0,1.25,7,957.4640916549681,277,5.454042385672882,0
PPO,nominal,0,1.0,1.25,8,1014.8975808262071,296,5.761738290820634,0
PPO,nominal,0,1.0,1.25,9,1064.4001848946575,312,6.029644682312153,0
PPO,nominal,0,1.0,1.5,0,320.42124142267494,122,1.5967048121102556,0
PPO,nominal,0,1.0,1.5,1,320.5104168676067,122,1.5974126450672812,0
PPO,nominal,0,1.0,1.5,2,321.26205222623645,122,1.6034350344231898,0
PPO,nominal,0,1.0,1.5,3,321.3432391771053,122,1.6040623057825105,0
PPO,nominal,0,1.0,1.5,4,322.89450984715484,123,1.608472528158446,0
PPO,nominal,0,1.0,1.5,5,320.4235092433196,122,1.5967310889163457,0
PPO,nominal,0,1.0,1.5,6,328.60496192805965,124,1.6461102883017331,0
PPO,nominal,0,1.0,1.5,7,319.728562696693,122,1.59120342798416,0
PPO,nominal,0,1.0,1.5,8,330.25368818623406,124,1.6592972000742867,0
PPO,nominal,0,1.0,1.5,9,317.6751888463792,121,1.5827394601837481,0
PPO,nominal,0,1.2,0.5,0,455.6532659515576,160,2.3747262152022435,0
PPO,nominal,0,1.2,0.5,1,354.33080296225216,136,1.755846740055212,0
PPO,nominal,0,1.2,0.5,2,357.75590993692094,137,1.775301116704738,0
PPO,nominal,0,1.2,0.5,3,351.1969000936041,135,1.7388153115844176,0
PPO,nominal,0,1.2,0.5,4,352.36549480320366,136,1.7400822298447889,0
PPO,nominal,0,1.2,0.5,5,343.1101581773264,133,1.690087732552615,0
PPO,nominal,0,1.2,0.5,6,456.285061994766,161,2.3717020598313705,0
PPO,nominal,0,1.2,0.5,7,336.0328437241888,131,1.6494954455785114,0
PPO,nominal,0,1.2,0.5,8,337.67003250346187,131,1.6625824693691116,0
PPO,nominal,0,1.2,0.5,9,455.8468377468586,160,2.3761948398158323,0
PPO,nominal,0,1.2,0.75,0,531.2391392565053,182,2.8034424730923155,0
PPO,nominal,0,1.2,0.75,1,530.1512830260804,182,2.7948125772473142,0
PPO,nominal,0,1.2,0.75,2,524.1315934289087,180,2.7626100556455495,0
PPO,nominal,0,1.2,0.75,3,525.321102503848,181,2.7641480559301885,0
PPO,nominal,0,1.2,0.75,4,525.1753366496599,180,2.770983932423819,0
PPO,nominal,0,1.2,0.75,5,531.2892342514878,182,2.803814995604866,0
PPO,nominal,0,1.2,0.75,6,524.0126113692094,180,2.761709898537537,0
PPO,nominal,0,1.2,0.75,7,531.2589788811478,182,2.8035328985154657,0
PPO,nominal,0,1.2,0.75,8,528.5827332043442,181,2.7902726469370918,0
PPO,nominal,0,1.2,0.75,9,525.1782536043542,180,2.771033715626569,0
PPO,nominal,0,1.2,1.0,0,948.2825594884015,283,5.332784175485043,0
PPO,nominal,0,1.2,1.0,1,899.5391680895954,273,5.022732423057925,0
PPO,nominal,0,1.2,1.0,2,885.8235580646658,270,4.936970857813351,0
PPO,nominal,0,1.2,1.0,3,876.5917353257526,268,4.879037438837597,0
PPO,nominal,0,1.2,1.0,4,892.2461960963778,272,4.972380845691167,0
PPO,nominal,0,1.2,1.0,5,877.7438603023169,268,4.888282164170402,0
PPO,nominal,0,1.2,1.0,6,904.8043341399277,274,5.056825327442952,0
PPO,nominal,0,1.2,1.0,7,888.4878339033583,270,4.958299688870987,0
PPO,nominal,0,1.2,1.0,8,876.2099664730557,268,4.876049276260138,0
PPO,nominal,0,1.2,1.0,9,876.5358359617618,268,4.878616076812038,0
PPO,nominal,0,1.2,1.25,0,929.5428431074953,274,5.254742574123437,0
PPO,nominal,0,1.2,1.25,1,946.5426885935606,280,5.342742756817932,0
PPO,nominal,0,1.2,1.25,2,946.9806528387803,280,5.34632599189799,0
PPO,nominal,0,1.2,1.25,3,944.2314435294861,280,5.324290154352687,0
PPO,nominal,0,1.2,1.25,4,952.861246030808,282,5.377365569065348,0
PPO,nominal,0,1.2,1.25,5,929.1550140243398,276,5.235670945718867,0
PPO,nominal,0,1.2,1.25,6,959.1397043740741,282,5.427518549034402,0
PPO,nominal,0,1.2,1.25,7,934.4936922861319,278,5.2623621193910735,0
PPO,nominal,0,1.2,1.25,8,927.7211735809232,275,5.232115511765512,0
PPO,nominal,0,1.2,1.25,9,926.662299780561,274,5.231627742294328,0
PPO,nominal,0,1.2,1.5,0,323.5329744989862,123,1.6136259891170153,0
PPO,nominal,0,1.2,1.5,1,324.57019486253535,124,1.6138901080760968,0
PPO,nominal,0,1.2,1.5,2,321.9393046508304,123,1.6008663590302397,0
PPO,nominal,0,1.2,1.5,3,326.3596461111937,124,1.6280685534182682,0
PPO,nominal,0,1.2,1.5,4,326.4563350679596,124,1.6290075549272989,0
PPO,nominal,0,1.2,1.5,5,326.50233312415526,124,1.6293576258565492,0
PPO,nominal,0,1.2,1.5,6,322.9872783912219,123,1.609271833374531,0
PPO,nominal,0,1.2,1.5,7,317.65714054587085,121,1.5826101296624706,0
PPO,nominal,0,1.2,1.5,8,318.36788388283424,121,1.588264267434159,0
PPO,nominal,0,1.2,1.5,9,319.5287493030927,122,1.5895899463804315,0
PPO,nominal,0,1.4,0.5,0,323.2555329199354,127,1.5792752123441058,0
PPO,nominal,0,1.4,0.5,1,326.99593361429004,128,1.6011465601769517,0
PPO,nominal,0,1.4,0.5,2,328.6928255565034,129,1.6066676777694004,0
PPO,nominal,0,1.4,0.5,3,336.3615869452744,131,1.6520892125040791,0
PPO,nominal,0,1.4,0.5,4,336.32300956667217,131,1.6517712842460532,0
PPO,nominal,0,1.4,0.5,5,329.10937138591294,129,1.6100844995258188,0
PPO,nominal,0,1.4,0.5,6,332.90318566767377,130,1.6324060562370568,0
PPO,nominal,0,1.4,0.5,7,326.76589391549504,128,1.5991996751239475,0
PPO,nominal,0,1.4,0.5,8,335.9649334146731,131,1.6489198898629305,0
PPO,nominal,0,1.4,0.5,9,336.4060306344304,131,1.6523474146989292,0
PPO,nominal,0,1.4,0.75,0,486.9486803033899,170,2.544995952173355,0
PPO,nominal,0,1.4,0.75,1,480.5523023816962,169,2.5018446491350725,0
PPO,nominal,0,1.4,0.75,2,483.5320633365272,169,2.5256914586422887,0
PPO,nominal,0,1.4,0.75,3,488.43275728746335,171,2.5488995454348475,0
PPO,nominal,0,1.4,0.75,4,481.0283157911303,169,2.5056728045552785,0
PPO,nominal,0,1.4,0.75,5,483.27671602719124,169,2.5236311554914104,0
PPO,nominal,0,1.4,0.75,6,479.25551281543784,168,2.499453266508897,0
PPO,nominal,0,1.4,0.75,7,484.3459728886917,170,2.524195992916792,0
PPO,nominal,0,1.4,0.75,8,485.7276118766379,170,2.535178046510477,0
PPO,nominal,0,1.4,0.75,9,482.77475541574256,169,2.5196009842278535,0
PPO,nominal,0,1.4,1.0,0,804.3914465282897,247,4.469226227985948,0
PPO,nominal,0,1.4,1.0,1,797.9796273658006,244,4.441924177999535,0
PPO,nominal,0,1.4,1.0,2,804.9982893937729,247,4.474104376602732,0
PPO,nominal,0,1.4,1.0,3,801.9471542196802,245,4.4656985778771805,0
PPO,nominal,0,1.4,1.0,4,803.5908620495355,246,4.470854956828645,0
PPO,nominal,0,1.4,1.0,5,803.4515997811558,246,4.469724870904265,0
PPO,nominal,0,1.4,1.0,6,801.6497768642462,245,4.463374843479563,0
PPO,nominal,0,1.4,1.0,7,800.621823819365,245,4.455113414086069,0
PPO,nominal,0,1.4,1.0,8,802.8054800295528,246,4.464586821780653,0
PPO,nominal,0,1.4,1.0,9,800.1629849388527,246,4.443442440484718,0
PPO,nominal,0,1.4,1.25,0,627.5461261320661,202,3.4142982579992642,0
PPO,nominal,0,1.4,1.25,1,629.6173548042107,203,3.4228852003841275,0
PPO,nominal,0,1.4,1.25,2,628.1248077240243,203,3.4108424641394874,0
PPO,nominal,0,1.4,1.25,3,627.3676716110444,203,3.404898418012946,0
PPO,nominal,0,1.4,1.25,4,625.1662539597033,202,3.3952763618957222,0
PPO,nominal,0,1.4,1.25,5,625.8974650229302,202,3.4010846599090354,0
PPO,nominal,0,1.4,1.25,6,628.6585711661876,203,3.415190306975237,0
PPO,nominal,0,1.4,1.25,7,629.4357459199914,203,3.421450350188852,0
PPO,nominal,0,1.4,1.25,8,632.8264785368827,204,3.4405438274447473,0
PPO,nominal,0,1.4,1.25,9,630.3427597352567,203,3.4285955451007433,0
PPO,nominal,0,1.4,1.5,0,322.30270613697945,123,1.6037955855107218,0
PPO,nominal,0,1.4,1.5,1,320.9344679533975,122,1.6008466060311803,0
PPO,nominal,0,1.4,1.5,2,323.77671414439834,123,1.6155040045045013,0
PPO,nominal,0,1.4,1.5,3,322.67629525688375,123,1.606808097842233,0
PPO,nominal,0,1.4,1.5,4,323.11001765553743,123,1.6102099578189362,0
PPO,nominal,0,1.4,1.5,5,325.17953102989526,124,1.618787375830064,0
PPO,nominal,0,1.4,1.5,6,323.3000225884175,123,1.6117588854906797,0
PPO,nominal,0,1.4,1.5,7,324.3671351703256,124,1.6123259577916902,0
PPO,nominal,0,1.4,1.5,8,321.74138827335355,122,1.607276947843454,0
PPO,nominal,0,1.4,1.5,9,320.2887897776965,122,1.5956552044964407,0
PPO,nominal,1,0.6,0.5,0,652.7180803745529,214,3.520504387692066,0
PPO,nominal,1,0.6,0.5,1,653.2148726534672,216,3.5084387989286543,0
PPO,nominal,1,0.6,0.5,2,260.3839787136465,107,1.2366788286248478,0
PPO,nominal,1,0.6,0.5,3,652.1831513142469,213,3.524221097558204,0
PPO,nominal,1,0.6,0.5,4,667.6772599237706,213,3.6481331111738027,0
PPO,nominal,1,0.6,0.5,5,650.8299286911366,212,3.521292306658766,0
PPO,nominal,1,0.6,0.5,6,657.078184550146,213,3.5633069874279752,0
PPO,nominal,1,0.6,0.5,7,115.94541300947914,60,0.4566021541737065,0
PPO,nominal,1,0.6,0.5,8,262.4642964966006,107,1.2533328934345331,0
PPO,nominal,1,0.6,0.5,9,651.1599101323706,211,3.5319748773947697,0
PPO,nominal,1,0.6,0.75,0,2113.3610144735494,612,12.025392403262385,0
PPO,nominal,1,0.6,0.75,1,2092.140394074658,600,11.951613633682923,0
PPO,nominal,1,0.6,0.75,2,113.44680393451279,59,0.44456580414748814,0
PPO,nominal,1,0.6,0.75,3,1308.1959913862743,400,7.277992010769694,0
PPO,nominal,1,0.6,0.75,4,1354.1304067910755,408,7.581643895076806,0
PPO,nominal,1,0.6,0.75,5,1384.3157526655912,414,7.775164796865397,0
PPO,nominal,1,0.6,0.75,6,2678.830417923287,780,15.20665258306723,0
PPO,nominal,1,0.6,0.75,7,1587.7646003298069,451,9.107133797229128,0
PPO,nominal,1,0.6,0.75,8,1651.5653741518217,505,9.185962304407889,0
PPO,nominal,1,0.6,0.75,9,3167.0186953654056,1000,17.34582050386447,1
PPO,nominal,1,0.6,1.0,0,455.7608174911304,170,2.2964268263771044,0
PPO,nominal,1,0.6,1.0,1,451.34935713569564,170,2.26115575254007,0
PPO,nominal,1,0.6,1.0,2,1088.3961426348733,354,5.887164672485379,0
PPO,nominal,1,0.6,1.0,3,1163.150929909315,346,6.549157048448927,0
PPO,nominal,1,0.6,1.0,4,450.045301632144,170,2.250814533627952,0
PPO,nominal,1,0.6,1.0,5,3350.1316823216434,1000,18.81005717730343,1
PPO,nominal,1,0.6,1.0,6,450.783943877748,170,2.256684227800664,0
PPO,nominal,1,0.6,1.0,7,458.82965128743473,171,2.3130548875415458,0
PPO,nominal,1,0.6,1.0,8,823.9096559136104,270,4.442393723035158,0
PPO,nominal,1,0.6,1.0,9,458.8834382634841,172,2.305437223631329,0
PPO,nominal,1,0.6,1.25,0,523.4132346409142,179,2.7658717133835973,0
PPO,nominal,1,0.6,1.25,1,550.3779963945609,181,2.965663703972685,0
PPO,nominal,1,0.6,1.25,2,526.6681929332568,181,2.775959325635558,0
PPO,nominal,1,0.6,1.25,3,521.1146537659707,180,2.739527056025289,0
PPO,nominal,1,0.6,1.25,4,518.956551793316,177,2.7461911457467427,0
PPO,nominal,1,0.6,1.25,5,517.5311464559419,179,2.718820684622305,0
PPO,nominal,1,0.6,1.25,6,545.6522227576204,180,2.935861061095256,0
PPO,nominal,1,0.6,1.25,7,522.6309365616515,180,2.751631308165722,0
PPO,nominal,1,0.6,1.25,8,521.1142944277888,178,2.755490171161129,0
PPO,nominal,1,0.6,1.25,9,524.7424069251521,178,2.7845322666045855,0
PPO,nominal,1,0.6,1.5,0,365.7646676791881,138,1.8325118808841503,0
PPO,nominal,1,0.6,1.5,1,374.2164174746918,142,1.8681678566566964,0
PPO,nominal,1,0.6,1.5,2,367.01422748566773,139,1.8344764960520386,0
PPO,nominal,1,0.6,1.5,3,364.87538314626215,137,1.8333968847065285,0
PPO,nominal,1,0.6,1.5,4,368.9497013383734,138,1.8579506866410957,0
PPO,nominal,1,0.6,1.5,5,374.0586814280845,143,1.858914918040808,0
PPO,nominal,1,0.6,1.5,6,368.0487814787519,138,1.8507927643246065,0
PPO,nominal,1,0.6,1.5,7,372.94188893556054,141,1.8659476651381934,0
PPO,nominal,1,0.6,1.5,8,362.97731325191455,136,1.8261334526370305,0
PPO,nominal,1,0.6,1.5,9,369.0726650842547,139,1.8509549674647525,0
PPO,nominal,1,0.8,0.5,0,490.9948028389146,169,2.5861786770947175,0
PPO,nominal,1,0.8,0.5,1,616.2261248549678,197,3.3644059505368205,0
PPO,nominal,1,0.8,0.5,2,608.4220673388845,200,3.2779425220818963,0
PPO,nominal,1,0.8,0.5,3,496.6903109848915,173,2.5998277064185196,0
PPO,nominal,1,0.8,0.5,4,265.96961311763124,108,1.2733460062300082,0
PPO,nominal,1,0.8,0.5,5,744.7238511395201,232,4.112738704025373,0
PPO,nominal,1,0.8,0.5,6,270.56872354653666,110,1.2941707104318114,0
PPO,nominal,1,0.8,0.5,7,498.83516006535064,175,2.600936469605281,0
PPO,nominal,1,0.8,0.5,8,612.2460546886163,198,3.324570248818043,0
PPO,nominal,1,0.8,0.5,9,498.23371194166316,170,2.636153499584475,0
PPO,nominal,1,0.8,0.75,0,2118.5031416213396,633,11.898972515795315,0
PPO,nominal,1,0.8,0.75,1,1519.2026343737646,447,8.590773861274236,0
PPO,nominal,1,0.8,0.75,2,2293.9980477301956,683,12.903482602186635,0
PPO,nominal,1,0.8,0.75,3,2243.2965074653353,673,12.577554584955099,0
PPO,nominal,1,0.8,0.75,4,1111.8167482222293,320,6.3466403485583855,0
PPO,nominal,1,0.8,0.75,5,1604.5258395300207,474,9.057510443713133,0
PPO,nominal,1,0.8,0.75,6,1795.0497033677698,534,10.10233288675083,0
PPO,nominal,1,0.8,0.75,7,2512.495042906591,758,14.052090641663689,0
PPO,nominal,1,0.8,0.75,8,1489.5326377449,442,8.393179590995393,0
PPO,nominal,1,0.8,0.75,9,1982.3057363401845,591,11.14494440986389,0
PPO,nominal,1,0.8,1.0,0,2843.3811467139567,820,16.20357335460899,0
PPO,nominal,1,0.8,1.0,1,1741.179660430508,529,9.711100088356801,0
PPO,nominal,1,0.8,1.0,2,1241.1539817543048,363,7.0373984525106446,0
PPO,nominal,1,0.8,1.0,3,2329.3512061058755,678,13.225850764860715,0
PPO,nominal,1,0.8,1.0,4,2805.816187628103,830,15.822782451931042,0
PPO,nominal,1,0.8,1.0,5,3278.6848591466137,1000,18.238957163294803,1
PPO,nominal,1,0.8,1.0,6,1199.5896981017786,345,6.848929483197271,0
PPO,nominal,1,0.8,1.0,7,1763.4640272704219,536,9.833501442537314,0
PPO,nominal,1,0.8,1.0,8,3316.4619297293693,1000,18.541323055507878,1
PPO,nominal,1,0.8,1.0,9,3354.7492841726144,1000,18.84753506969207,1
PPO,nominal,1,0.8,1.25,0,574.7077542264185,192,3.072449366866063,0
PPO,nominal,1,0.8,1.25,1,576.8114481203366,192,3.089254168515873,0
PPO,nominal,1,0.8,1.25,2,562.0749470731266,188,3.003351740435033,0
PPO,nominal,1,0.8,1.25,3,548.1433179614368,183,2.9318341029968775,0
PPO,nominal,1,0.8,1.25,4,578.4918303683428,192,3.1027395698384237,0
PPO,nominal,1,0.8,1.25,5,541.0133572005507,182,2.882793554237797,0
PPO,nominal,1,0.8,1.25,6,530.5594210448425,178,2.8311000369268076,0
PPO,nominal,1,0.8,1.25,7,558.2557880854072,186,2.9887537375661615,0
PPO,nominal,1,0.8,1.25,8,586.4271455843533,192,3.1662471952554614,0
PPO,nominal,1,0.8,1.25,9,530.5433587816748,180,2.8149705208701468,0
PPO,nominal,1,0.8,1.5,0,353.78034011948995,132,1.7844976189593103,0
PPO,nominal,1,0.8,1.5,1,374.53904629483674,140,1.8867189309318955,0
PPO,nominal,1,0.8,1.5,2,366.4586389793445,136,1.8539866509004255,0
PPO,nominal,1,0.8,1.5,3,359.11756396068233,134,1.8112862621607009,0
PPO,nominal,1,0.8,1.5,4,365.4817535836451,136,1.8461867411978499,0
PPO,nominal,1,0.8,1.5,5,359.97265248835294,133,1.8261065857537984,0
PPO,nominal,1,0.8,1.5,6,371.21358839723354,140,1.860114646447214,0
PPO,nominal,1,0.8,1.5,7,368.79294379571036,139,1.8487440113544322,0
PPO,nominal,1,0.8,1.5,8,378.2973143569862,139,1.924770735215999,0
PPO,nominal,1,0.8,1.5,9,363.57185690250094,135,1.8389187946051524,0
PPO,nominal,1,1.0,0.5,0,496.97615536487564,171,2.6181328387529255,0
PPO,nominal,1,1.0,0.5,1,551.5531820557289,185,2.9429590351084083,0
PPO,nominal,1,1.0,0.5,2,491.4281181810756,172,2.5657231851039484,0
PPO,nominal,1,1.0,0.5,3,278.45135168244366,113,1.33323951148893,0
PPO,nominal,1,1.0,0.5,4,540.0657985294946,181,2.8830453384998687,0
PPO,nominal,1,1.0,0.5,5,558.7219185324193,188,2.9763504771717315,0
PPO,nominal,1,1.0,0.5,6,563.3667427785447,187,3.021548323105648,0
PPO,nominal,1,1.0,0.5,7,503.15094787381497,175,2.6355515735620267,0
PPO,nominal,1,1.0,0.5,8,559.0255622087113,187,2.986770303815004,0
PPO,nominal,1,1.0,0.5,9,544.1986155747913,181,2.916179097716527,0
PPO,nominal,1,1.0,0.75,0,1105.421297261684,337,6.15937549505714,0
PPO,nominal,1,1.0,0.75,1,1291.870876981175,389,7.235572241399734,0
PPO,nominal,1,1.0,0.75,2,918.7360877818654,284,5.089383678126475,0
PPO,nominal,1,1.0,0.75,3,820.6396926866234,250,4.57643599724056,0
PPO,nominal,1,1.0,0.75,4,1100.7014665962538,339,6.105682508264534,0
PPO,nominal,1,1.0,0.75,5,1274.7967371716145,384,7.1390020072123725,0
PPO,nominal,1,1.0,0.75,6,805.4043204978378,251,4.446499158214372,0
PPO,nominal,1,1.0,0.75,7,824.749216068938,247,4.633154651450131,0
PPO,nominal,1,1.0,0.75,8,780.6504012492188,233,4.392289550027461,0
PPO,nominal,1,1.0,0.75,9,1102.420531870852,339,6.11942565891633,0
PPO,nominal,1,1.0,1.0,0,3323.1607848476915,1000,18.595073586437913,1
PPO,nominal,1,1.0,1.0,1,3325.9497857168267,1000,18.6173141138566,1
PPO,nominal,1,1.0,1.0,2,3325.530692302439,1000,18.61408384625277,1
PPO,nominal,1,1.0,1.0,3,3322.851130622045,1000,18.59264576754971,1
PPO,nominal,1,1.0,1.0,4,3273.558995049639,1000,18.1986311483939,1
PPO,nominal,1,1.0,1.0,5,3248.6102329398495,1000,17.999092868054678,1
PPO,nominal,1,1.0,1.0,6,3327.7068392877777,1000,18.631470625409904,1
PPO,nominal,1,1.0,1.0,7,3316.675958572957,1000,18.543187465290355,1
PPO,nominal,1,1.0,1.0,8,3331.7877842576177,1000,18.664139407632508,1
PPO,nominal,1,1.0,1.0,9,3331.4790152165046,1000,18.661596125613396,1
PPO,nominal,1,1.0,1.25,0,647.4159935001747,211,3.5023732281606708,0
PPO,nominal,1,1.0,1.25,1,652.7957674702229,212,3.53722526889344,0
PPO,nominal,1,1.0,1.25,2,601.6447248793377,203,3.199836769158342,0
PPO,nominal,1,1.0,1.25,3,640.6809609832629,209,3.4644508064391526,0
PPO,nominal,1,1.0,1.25,4,652.8574772628574,211,3.545923421629478,0
PPO,nominal,1,1.0,1.25,5,591.8908848820502,194,3.193789472500938,0
PPO,nominal,1,1.0,1.25,6,637.4230641173559,209,3.4383746658686705,0
PPO,nominal,1,1.0,1.25,7,604.5118889061878,195,3.2868312082955327,0
PPO,nominal,1,1.0,1.25,8,616.601133324329,201,3.3355807399523876,0
PPO,nominal,1,1.0,1.25,9,662.8590493718194,217,3.5778581138385155,0
PPO,nominal,1,1.0,1.5,0,373.4857649443177,137,1.9022733236549196,0
PPO,nominal,1,1.0,1.5,1,376.25700794270114,142,1.8844612340698286,0
PPO,nominal,1,1.0,1.5,2,364.719198504934,134,1.8560875318393064,0
PPO,nominal,1,1.0,1.5,3,373.35420628478545,139,1.8851903321435752,0
PPO,nominal,1,1.0,1.5,4,336.04839301395356,127,1.6825571785409184,0
PPO,nominal,1,1.0,1.5,5,370.26160048576156,137,1.8764638202180415,0
PPO,nominal,1,1.0,1.5,6,371.3066971623102,140,1.8608402987847958,0
PPO,nominal,1,1.0,1.5,7,373.2674490257237,139,1.8845458959914154,0
PPO,nominal,1,1.0,1.5,8,386.76467865056554,144,1.9524612797822551,0
PPO,nominal,1,1.0,1.5,9,384.92580778327107,146,1.9218487250777538,0
PPO,nominal,1,1.2,0.5,0,527.2136779843389,184,2.756251108400846,0
PPO,nominal,1,1.2,0.5,1,523.0399057300789,178,2.7708387260424336,0
PPO,nominal,1,1.2,0.5,2,528.9816671685765,181,2.7943667018770784,0
PPO,nominal,1,1.2,0.5,3,522.2222751167602,181,2.740369638278404,0
PPO,nominal,1,1.2,0.5,4,523.6821444460053,177,2.783943439285878,0
PPO,nominal,1,1.2,0.5,5,523.4447990121791,176,2.790069346480696,0
PPO,nominal,1,1.2,0.5,6,535.1045790319674,180,2.8513658761476792,0
PPO,nominal,1,1.2,0.5,7,506.15624679489844,173,2.675730382205507,0
PPO,nominal,1,1.2,0.5,8,519.6786722097701,178,2.7439350979619657,0
PPO,nominal,1,1.2,0.5,9,473.0829257107101,161,2.506965634307237,0
PPO,nominal,1,1.2,0.75,0,667.8645417350237,213,3.64987292632522,0
PPO,nominal,1,1.2,0.75,1,710.3539887424644,226,3.885771492066605,0
PPO,nominal,1,1.2,0.75,2,536.2712268769199,184,2.828725481566119,0
PPO,nominal,1,1.2,0.75,3,736.1921099248483,231,4.052547425447986,0
PPO,nominal,1,1.2,0.75,4,591.5660130131804,195,3.1831803339497116,0
PPO,nominal,1,1.2,0.75,5,528.4537554043928,182,2.7821671054516357,0
PPO,nominal,1,1.2,0.75,6,522.0142326568964,181,2.738659439026261,0
PPO,nominal,1,1.2,0.75,7,570.5768631294201,190,3.0552619706505237,0
PPO,nominal,1,1.2,0.75,8,670.8477670837177,215,3.6576616110593965,0
PPO,nominal,1,1.2,0.75,9,559.0421555840148,185,3.0029851589093446,0
PPO,nominal,1,1.2,1.0,0,919.97571218392,275,5.171396767887103,0
PPO,nominal,1,1.2,1.0,1,3281.99898193074,1000,18.266389041438217,1
PPO,nominal,1,1.2,1.0,2,1165.9881347260834,344,6.588074488620752,0
PPO,nominal,1,1.2,1.0,3,3282.894833797824,1000,18.273703642474743,1
PPO,nominal,1,1.2,1.0,4,3294.402953826202,1000,18.365627071684045,1
PPO,nominal,1,1.2,1.0,5,3293.350289549343,1000,18.35703206044511,1
PPO,nominal,1,1.2,1.0,6,3295.1025934640957,1000,18.371281518295984,1
PPO,nominal,1,1.2,1.0,7,3284.5344023661723,1000,18.286650945516158,1
PPO,nominal,1,1.2,1.0,8,3291.683858361043,1000,18.343897505869233,1
PPO,nominal,1,1.2,1.0,9,1191.920449504372,355,6.707640060355198,0
PPO,nominal,1,1.2,1.25,0,937.7619413495338,284,5.241794128483676,0
PPO,nominal,1,1.2,1.25,1,970.0592336621482,304,5.34018189568195,0
PPO,nominal,1,1.2,1.25,2,854.3089021034249,268,4.70206743780655,0
PPO,nominal,1,1.2,1.25,3,894.5974539339671,280,4.928614351395907,0
PPO,nominal,1,1.2,1.25,4,829.6861833137215,261,4.56103816193469,0
PPO,nominal,1,1.2,1.25,5,878.8429483259185,271,4.874255903982049,0
PPO,nominal,1,1.2,1.25,6,912.4020510042972,286,5.023002670338669,0
PPO,nominal,1,1.2,1.25,7,773.5422225830955,246,4.231629972058902,0
PPO,nominal,1,1.2,1.25,8,747.6773888251361,240,4.0726039929523425,0
PPO,nominal,1,1.2,1.25,9,792.3405618741704,252,4.3340438608982845,0
PPO,nominal,1,1.2,1.5,0,396.3554037447013,147,2.0052137497017255,0
PPO,nominal,1,1.2,1.5,1,403.861893721926,152,2.0253379791499824,0
PPO,nominal,1,1.2,1.5,2,394.2236055723978,147,1.988220864949681,0
PPO,nominal,1,1.2,1.5,3,396.9018909631589,150,1.9856241881419199,0
PPO,nominal,1,1.2,1.5,4,403.1595322570664,150,2.0356728485004414,0
PPO,nominal,1,1.2,1.5,5,396.405969573133,148,1.9976831892431284,0
PPO,nominal,1,1.2,1.5,6,379.5135538130828,142,1.9104510014332283,0
PPO,nominal,1,1.2,1.5,7,400.87549669466074,150,2.017388685277803,0
PPO,nominal,1,1.2,1.5,8,330.24651314992934,126,1.6440936424876207,0
PPO,nominal,1,1.2,1.5,9,344.020093298168,131,1.7143589443605163,0
PPO,nominal,1,1.4,0.5,0,420.3804411478577,150,2.173276183396418,0
PPO,nominal,1,1.4,0.5,1,291.2829694922941,116,1.4121471727263644,0
PPO,nominal,1,1.4,0.5,2,430.3936879248155,154,2.221344013784188,0
PPO,nominal,1,1.4,0.5,3,422.77927986428864,151,2.1845216275659713,0
PPO,nominal,1,1.4,0.5,4,442.6817690659494,157,2.2956775346197364,0
PPO,nominal,1,1.4,0.5,5,442.99069737116673,158,2.290186466948194,0
PPO,nominal,1,1.4,0.5,6,445.84523227776583,158,2.3130605010316487,0
PPO,nominal,1,1.4,0.5,7,279.6611772325579,112,1.350970635523541,0
PPO,nominal,1,1.4,0.5,8,458.71638370626,162,2.3840517332325843,0
PPO,nominal,1,1.4,0.5,9,465.61477345682033,164,2.4232522840233726,0
PPO,nominal,1,1.4,0.75,0,489.6247815998369,166,2.5994427883830014,0
PPO,nominal,1,1.4,0.75,1,526.8238257452081,178,2.801226753591476,0
PPO,nominal,1,1.4,0.75,2,534.0344745823977,182,2.826868792795059,0
PPO,nominal,1,1.4,0.75,3,534.5144242094193,182,2.8307467236015276,0
PPO,nominal,1,1.4,0.75,4,546.0301395111156,188,2.87488280750263,0
PPO,nominal,1,1.4,0.75,5,525.800443427958,178,2.792976200541808,0
PPO,nominal,1,1.4,0.75,6,529.6374119924556,179,2.8157054473930976,0
PPO,nominal,1,1.4,0.75,7,537.295773954582,184,2.8369600805774686,0
PPO,nominal,1,1.4,0.75,8,542.2390377365713,185,2.8684236748270013,0
PPO,nominal,1,1.4,0.75,9,512.7256120501206,173,2.7282992872263554,0
PPO,nominal,1,1.4,1.0,0,891.0627871485888,276,4.932085796637628,0
PPO,nominal,1,1.4,1.0,1,853.4952715533055,268,4.69547932741842,0
PPO,nominal,1,1.4,1.0,2,864.3683386003034,269,4.774502453503607,0
PPO,nominal,1,1.4,1.0,3,889.34823675268,275,4.926315511718154,0
PPO,nominal,1,1.4,1.0,4,857.9071172326794,269,4.722718559300606,0
PPO,nominal,1,1.4,1.0,5,848.3924828774678,265,4.678640301826083,0
PPO,nominal,1,1.4,1.0,6,847.8154939090374,265,4.674042339868546,0
PPO,nominal,1,1.4,1.0,7,695.9457794730222,219,3.826620724527891,0
PPO,nominal,1,1.4,1.0,8,774.3168311305116,237,4.3097012624539985,0
PPO,nominal,1,1.4,1.0,9,925.5048477127426,284,5.143698846625396,0
PPO,nominal,1,1.4,1.25,0,727.0869627307732,224,4.035813696554717,0
PPO,nominal,1,1.4,1.25,1,1048.8765719676203,318,5.859019003433327,0
PPO,nominal,1,1.4,1.25,2,713.686694829663,220,3.960541908960065,0
PPO,nominal,1,1.4,1.25,3,856.7484186333955,264,4.753573255672289,0
PPO,nominal,1,1.4,1.25,4,871.488112277072,258,4.919519813526395,0
PPO,nominal,1,1.4,1.25,5,949.3305751610206,296,5.238331268503682,0
PPO,nominal,1,1.4,1.25,6,893.8162774822373,265,5.042156290393647,0
PPO,nominal,1,1.4,1.25,7,1054.821348452603,317,5.91461225831448,0
PPO,nominal,1,1.4,1.25,8,951.3696794898509,290,5.30264265890776,0
PPO,nominal,1,1.4,1.25,9,911.8482003327337,274,5.114453761196262,0
PPO,nominal,1,1.4,1.5,0,329.8946803703001,127,1.6333200564794237,0
PPO,nominal,1,1.4,1.5,1,342.1576824993247,131,1.6994110328314154,0
PPO,nominal,1,1.4,1.5,2,340.7264248520526,130,1.6959683341609895,0
PPO,nominal,1,1.4,1.5,3,402.17440999909826,151,2.019823724097987,0
PPO,nominal,1,1.4,1.5,4,402.2817526943472,151,2.0206577508203334,0
PPO,nominal,1,1.4,1.5,5,403.935639964441,151,2.0338946930595765,0
PPO,nominal,1,1.4,1.5,6,402.135172643326,151,2.0194758482079926,0
PPO,nominal,1,1.4,1.5,7,406.99305823204327,152,2.050330516902309,0
PPO,nominal,1,1.4,1.5,8,332.33073324369616,127,1.6527519275748646,0
PPO,nominal,1,1.4,1.5,9,338.8635961233687,130,1.6810963149353784,0
PPO,nominal,2,0.6,0.5,0,856.5031514141074,250,4.862451284322013,0
PPO,nominal,2,0.6,0.5,1,831.079591866164,243,4.714930201730306,0
PPO,nominal,2,0.6,0.5,2,869.741940732486,254,4.9363622264893,0
PPO,nominal,2,0.6,0.5,3,840.4811682711162,244,4.782153205780458,0
PPO,nominal,2,0.6,0.5,4,831.1474301459149,242,4.723489088533663,0
PPO,nominal,2,0.6,0.5,5,825.1331090905894,242,4.675368032801514,0
PPO,nominal,2,0.6,0.5,6,815.4663138887272,235,4.653937030968875,0
PPO,nominal,2,0.6,0.5,7,829.2825182261523,241,4.716566930195557,0
PPO,nominal,2,0.6,0.5,8,817.5202754301387,236,4.6623735430114,0
PPO,nominal,2,0.6,0.5,9,854.5324424073337,249,4.854691312740905,0
PPO,nominal,2,0.6,0.75,0,3428.5068520148047,1000,19.437512393974405,1
PPO,nominal,2,0.6,0.75,1,3548.7323250807312,1000,20.399874061841782,1
PPO,nominal,2,0.6,0.75,2,1880.10387996765,522,10.877956386375375,0
PPO,nominal,2,0.6,0.75,3,2392.5230831909826,726,13.347725872363917,0
PPO,nominal,2,0.6,0.75,4,3474.3501556438187,1000,19.805129794697496,1
PPO,nominal,2,0.6,0.75,5,2586.788274764883,715,14.9893923488583,0
PPO,nominal,2,0.6,0.75,6,3543.333170655086,978,20.540258779433998,0
PPO,nominal,2,0.6,0.75,7,3463.6090282271407,965,20.006075169495894,0
PPO,nominal,2,0.6,0.75,8,2781.757618196772,743,16.325045585763295,0
PPO,nominal,2,0.6,0.75,9,1966.3602843589097,536,11.456226253086088,0
PPO,nominal,2,0.6,1.0,0,1901.2920021617826,549,10.832142775524916,0
PPO,nominal,2,0.6,1.0,1,2184.509794133814,630,12.450750648770697,0
PPO,nominal,2,0.6,1.0,2,2294.7847734819206,656,13.125080331261302,0
PPO,nominal,2,0.6,1.0,3,1737.3199129472707,513,9.808014414428975,0
PPO,nominal,2,0.6,1.0,4,1434.8217813536278,434,8.019292244518333,0
PPO,nominal,2,0.6,1.0,5,1776.3181841078551,521,10.056222012266852,0
PPO,nominal,2,0.6,1.0,6,1778.4167227397022,523,10.057020053423539,0
PPO,nominal,2,0.6,1.0,7,1043.5128404187958,332,5.703823655228144,0
PPO,nominal,2,0.6,1.0,8,1320.995745071758,366,7.651574061383653,0
PPO,nominal,2,0.6,1.0,9,1427.4825859390494,432,7.976622560431131,0
PPO,nominal,2,0.6,1.25,0,917.9663706204294,275,5.154687898279236,0
PPO,nominal,2,0.6,1.25,1,915.6529777303706,275,5.136150560273282,0
PPO,nominal,2,0.6,1.25,2,915.3896533684673,276,5.126103269390874,0
PPO,nominal,2,0.6,1.25,3,915.0059805714698,275,5.131004942909404,0
PPO,nominal,2,0.6,1.25,4,912.5276960669847,273,5.1271519307570115,0
PPO,nominal,2,0.6,1.25,5,916.3861662448087,275,5.142031561464982,0
PPO,nominal,2,0.6,1.25,6,916.1072059138814,275,5.139814596944442,0
PPO,nominal,2,0.6,1.25,7,916.2449009035595,275,5.1409040544284865,0
PPO,nominal,2,0.6,1.25,8,911.740059262424,273,5.120838479387669,0
PPO,nominal,2,0.6,1.25,9,911.6937462084474,273,5.120511111844915,0
PPO,nominal,2,0.6,1.5,0,442.9615619937719,158,2.2894479211788767,0
PPO,nominal,2,0.6,1.5,1,439.59565129800063,157,2.270523534973648,0
PPO,nominal,2,0.6,1.5,2,441.51409230102956,156,2.293845749351372,0
PPO,nominal,2,0.6,1.5,3,442.0740956426934,157,2.290328628512002,0
PPO,nominal,2,0.6,1.5,4,441.29125404877567,157,2.2840505844402084,0
PPO,nominal,2,0.6,1.5,5,440.93215975239207,157,2.2812156008483764,0
PPO,nominal,2,0.6,1.5,6,439.12842038739956,156,2.274757284242656,0
PPO,nominal,2,0.6,1.5,7,440.1573966943452,156,2.282991293570152,0
PPO,nominal,2,0.6,1.5,8,436.61216784301536,155,2.2625865779242806,0
PPO,nominal,2,0.6,1.5,9,438.6447696469703,156,2.2708799762280143,0
PPO,nominal,2,0.8,0.5,0,576.3584179948576,187,3.124629387796521,0
PPO,nominal,2,0.8,0.5,1,583.1123929484902,189,3.1627044638950474,0
PPO,nominal,2,0.8,0.5,2,568.6281736528867,185,3.0788244012609827,0
PPO,nominal,2,0.8,0.5,3,571.086655051105,186,3.090459286740849,0
PPO,nominal,2,0.8,0.5,4,576.5317439986545,188,3.118022203210871,0
PPO,nominal,2,0.8,0.5,5,577.3110091018084,188,3.1242547772745053,0
PPO,nominal,2,0.8,0.5,6,557.3157209149609,182,3.0122933803015215,0
PPO,nominal,2,0.8,0.5,7,565.6629964065957,185,3.055104258991033,0
PPO,nominal,2,0.8,0.5,8,560.8516100570338,183,3.032588737354291,0
PPO,nominal,2,0.8,0.5,9,583.1977964637674,189,3.163330288809038,0
PPO,nominal,2,0.8,0.75,0,3347.7971991331706,1000,18.791975395901503,1
PPO,nominal,2,0.8,0.75,1,3328.3396844620465,1000,18.636340553631985,1
PPO,nominal,2,0.8,0.75,2,3351.0818716680305,1000,18.81816023346745,1
PPO,nominal,2,0.8,0.75,3,3324.4494516116615,1000,18.604803193485374,1
PPO,nominal,2,0.8,0.75,4,3344.6163838008615,1000,18.76636758258276,1
PPO,nominal,2,0.8,0.75,5,3338.353285666907,1000,18.716476640368988,1
PPO,nominal,2,0.8,0.75,6,3329.566048774826,1000,18.64596399618193,1
PPO,nominal,2,0.8,0.75,7,3342.8287787260056,1000,18.75205716938129,1
PPO,nominal,2,0.8,0.75,8,3329.3921329269647,1000,18.6447656577541,1
PPO,nominal,2,0.8,0.75,9,3327.363786262372,1000,18.628318046197656,1
PPO,nominal,2,0.8,1.0,0,1179.5586011616804,362,6.552309798229334,0
PPO,nominal,2,0.8,1.0,1,1115.9629965116894,347,6.163198525128507,0
PPO,nominal,2,0.8,1.0,2,1124.016403774423,348,6.219580798921546,0
PPO,nominal,2,0.8,1.0,3,1176.2404649853659,362,6.525609252893178,0
PPO,nominal,2,0.8,1.0,4,1117.8754842917078,348,6.170561113762883,0
PPO,nominal,2,0.8,1.0,5,1105.0212518714704,346,6.083797486367327,0
PPO,nominal,2,0.8,1.0,6,1117.1086545775074,348,6.164378091710463,0
PPO,nominal,2,0.8,1.0,7,1138.7279326689438,351,6.313292561798629,0
PPO,nominal,2,0.8,1.0,8,1120.0483240526917,348,6.187860109883547,0
PPO,nominal,2,0.8,1.0,9,1186.071203800534,361,6.612165596057784,0
PPO,nominal,2,0.8,1.25,0,875.9931403796659,268,4.874778074962641,0
PPO,nominal,2,0.8,1.25,1,870.0181246745635,266,4.842964639278683,0
PPO,nominal,2,0.8,1.25,2,873.4057581161924,266,4.870031450145313,0
PPO,nominal,2,0.8,1.25,3,874.6955957465541,267,4.872371512909351,0
PPO,nominal,2,0.8,1.25,4,868.8754835235668,265,4.841807859926251,0
PPO,nominal,2,0.8,1.25,5,871.5435533733262,266,4.855142537543974,0
PPO,nominal,2,0.8,1.25,6,869.0373665074592,265,4.843066261446549,0
PPO,nominal,2,0.8,1.25,7,869.5908981581046,265,4.847512670927754,0
PPO,nominal,2,0.8,1.25,8,871.9777499417665,265,4.866588248504366,0
PPO,nominal,2,0.8,1.25,9,869.5570320786803,266,4.839231236553871,0
PPO,nominal,2,0.8,1.5,0,440.7544721307564,156,2.2877607968923805,0
PPO,nominal,2,0.8,1.5,1,440.5711940303689,156,2.286312271205231,0
PPO,nominal,2,0.8,1.5,2,441.02769787681257,156,2.2899531867704535,0
PPO,nominal,2,0.8,1.5,3,441.55572176739673,156,2.294162606099688,0
PPO,nominal,2,0.8,1.5,4,442.11445856407516,156,2.2986510769990343,0
PPO,nominal,2,0.8,1.5,5,439.85983134538986,155,2.2885905345058513,0
PPO,nominal,2,0.8,1.5,6,441.8531699406555,156,2.2965694831548173,0
PPO,nominal,2,0.8,1.5,7,439.86758077584153,155,2.288664104959652,0
PPO,nominal,2,0.8,1.5,8,441.3712578595797,155,2.3006605486667167,0
PPO,nominal,2,0.8,1.5,9,440.39612214168864,156,2.284883815198459,0
PPO,nominal,2,1.0,0.5,0,472.30671200560295,163,2.484074428879328,0
PPO,nominal,2,1.0,0.5,1,487.4145372350839,168,2.564979332416026,0
PPO,nominal,2,1.0,0.5,2,475.0678560564496,164,2.4981082541462105,0
PPO,nominal,2,1.0,0.5,3,471.8644126724196,163,2.480506636928876,0
PPO,nominal,2,1.0,0.5,4,467.958790297526,162,2.4572480775446834,0
PPO,nominal,2,1.0,0.5,5,471.11524512872523,163,2.4744962171072076,0
PPO,nominal,2,1.0,0.5,6,462.2395368000577,160,2.427473982330192,0
PPO,nominal,2,1.0,0.5,7,473.198847210376,163,2.491205598580354,0
PPO,nominal,2,1.0,0.5,8,465.65627955354563,161,2.4468283218696136,0
PPO,nominal,2,1.0,0.5,9,477.63654053464273,165,2.510709124447328,0
PPO,nominal,2,1.0,0.75,0,913.5515898113131,279,5.087040252877148,0
PPO,nominal,2,1.0,0.75,1,858.7618462740531,268,4.736615270277714,0
PPO,nominal,2,1.0,0.75,2,865.9627796244896,270,4.778191223185019,0
PPO,nominal,2,1.0,0.75,3,861.7903061567339,267,4.768811118325936,0
PPO,nominal,2,1.0,0.75,4,844.0479966959819,263,4.658829867798506,0
PPO,nominal,2,1.0,0.75,5,868.7083661723913,270,4.800191376498475,0
PPO,nominal,2,1.0,0.75,6,858.3654070753299,268,4.733463620416144,0
PPO,nominal,2,1.0,0.75,7,847.4012330913561,264,4.677718682875049,0
PPO,nominal,2,1.0,0.75,8,938.1698502952977,286,5.227989346197334,0
PPO,nominal,2,1.0,0.75,9,855.9836025815674,267,4.722389883908926,0
PPO,nominal,2,1.0,1.0,0,3434.324000568155,1000,19.483976887426014,1
PPO,nominal,2,1.0,1.0,1,3424.3550152472876,1000,19.404399660715022,1
PPO,nominal,2,1.0,1.0,2,3431.649972056205,1000,19.46259710943495,1
PPO,nominal,2,1.0,1.0,3,3428.1597946273496,1000,19.434863908893,1
PPO,nominal,2,1.0,1.0,4,3438.9537047975796,1000,19.521317467488604,1
PPO,nominal,2,1.0,1.0,5,3430.7303077891756,1000,19.455385380964405,1
PPO,nominal,2,1.0,1.0,6,3429.093677864238,1000,19.442234584415875,1
PPO,nominal,2,1.0,1.0,7,3434.0804840025144,1000,19.482022101044567,1
PPO,nominal,2,1.0,1.0,8,3434.14943200901,1000,19.482726940068023,1
PPO,nominal,2,1.0,1.0,9,3430.68191007283,1000,19.454967839203114,1
PPO,nominal,2,1.0,1.25,0,1157.3566091015625,341,6.5423602872239615,0
PPO,nominal,2,1.0,1.25,1,1353.218550352618,393,7.693626215535228,0
PPO,nominal,2,1.0,1.25,2,1162.6914615291132,344,6.5611116138904,0
PPO,nominal,2,1.0,1.25,3,1131.772081012673,334,6.393502931494268,0
PPO,nominal,2,1.0,1.25,4,1158.0657876085525,342,6.540058125250356,0
PPO,nominal,2,1.0,1.25,5,1137.1368418974944,335,6.428499878577366,0
PPO,nominal,2,1.0,1.25,6,1133.163047802435,335,6.396751860860897,0
PPO,nominal,2,1.0,1.25,7,1198.5479819439317,354,6.768006193611515,0
PPO,nominal,2,1.0,1.25,8,1215.0386352487149,359,6.8600548109527235,0
PPO,nominal,2,1.0,1.25,9,1181.9216358272788,349,6.675001260518928,0
PPO,nominal,2,1.0,1.5,0,439.9057436554631,155,2.288960175261729,0
PPO,nominal,2,1.0,1.5,1,442.1330288674457,155,2.306751947789238,0
PPO,nominal,2,1.0,1.5,2,438.4633437572074,154,2.2854106797863496,0
PPO,nominal,2,1.0,1.5,3,442.14725806920774,155,2.3068821545003355,0
PPO,nominal,2,1.0,1.5,4,444.29091304844025,156,2.3160581878689954,0
PPO,nominal,2,1.0,1.5,5,441.67523509973296,155,2.3031307982583367,0
PPO,nominal,2,1.0,1.5,6,441.1693843936715,155,2.2990440416893314,0
PPO,nominal,2,1.0,1.5,7,444.1426394023335,156,2.3148613755084364,0
PPO,nominal,2,1.0,1.5,8,440.91935378509675,154,2.3050333685908524,0
PPO,nominal,2,1.0,1.5,9,441.71018425366145,155,2.303377658491507,0
PPO,nominal,2,1.2,0.5,0,363.5154681773877,136,1.8293952129824134,0
PPO,nominal,2,1.2,0.5,1,337.82791947636355,129,1.6797679248420612,0
PPO,nominal,2,1.2,0.5,2,392.4180700431516,143,2.0046974527830024,0
PPO,nominal,2,1.2,0.5,3,409.85415913464453,148,2.104251797518371,0
PPO,nominal,2,1.2,0.5,4,405.56527978543266,147,2.077929188847558,0
PPO,nominal,2,1.2,0.5,5,399.3450032581087,145,2.0441439622312827,0
PPO,nominal,2,1.2,0.5,6,398.22320719208767,145,2.035194780026512,0
PPO,nominal,2,1.2,0.5,7,406.1404662061515,147,2.082533439731551,0
PPO,nominal,2,1.2,0.5,8,378.5437509197246,139,1.9256707767360746,0
PPO,nominal,2,1.2,0.5,9,393.68683696308676,143,2.0148559819538687,0
PPO,nominal,2,1.2,0.75,0,597.5118810263026,200,3.1900240147779098,0
PPO,nominal,2,1.2,0.75,1,595.5075024321249,200,3.1739790923994002,0
PPO,nominal,2,1.2,0.75,2,604.8431745379431,200,3.248655937205368,0
PPO,nominal,2,1.2,0.75,3,600.7188461990344,200,3.21566603239379,0
PPO,nominal,2,1.2,0.75,4,606.4650630751728,199,3.2696681659845535,0
PPO,nominal,2,1.2,0.75,5,608.8673040274623,199,3.2888904534615526,0
PPO,nominal,2,1.2,0.75,6,600.8584190417096,200,3.2167945690207427,0
PPO,nominal,2,1.2,0.75,7,610.8472839606472,199,3.3047319231632892,0
PPO,nominal,2,1.2,0.75,8,609.9782971852478,199,3.2977528445175457,0
PPO,nominal,2,1.2,0.75,9,612.0478998324592,199,3.3143096423427485,0
PPO,nominal,2,1.2,1.0,0,3443.716744315426,1000,19.55902396262572,1
PPO,nominal,2,1.2,1.0,1,3419.6807914202477,1000,19.36696694105344,1
PPO,nominal,2,1.2,1.0,2,2891.923914487011,820,16.591070765906665,0
PPO,nominal,2,1.2,1.0,3,2337.726847714911,664,13.404059104282894,0
PPO,nominal,2,1.2,1.0,4,2747.27099914734,782,15.73741073780257,0
PPO,nominal,2,1.2,1.0,5,2914.6314155529176,830,16.692822932417528,0
PPO,nominal,2,1.2,1.0,6,2376.8504818630136,674,13.637020629175288,0
PPO,nominal,2,1.2,1.0,7,3008.228854081295,856,17.23373821591383,0
PPO,nominal,2,1.2,1.0,8,3482.4809607081515,990,19.956966337340106,0
PPO,nominal,2,1.2,1.0,9,3422.4132460315564,1000,19.38877656918317,1
PPO,nominal,2,1.2,1.25,0,2256.4900897163634,626,13.057803754006029,0
PPO,nominal,2,1.2,1.25,1,2347.238776838017,647,13.616210069430394,0
PPO,nominal,2,1.2,1.25,2,2158.1794217515317,604,12.447095857052052,0
PPO,nominal,2,1.2,1.25,3,2369.5952297279177,658,13.70703357426818,0
PPO,nominal,2,1.2,1.25,4,2891.6743866939805,797,16.772850732644713,0
PPO,nominal,2,1.2,1.25,5,2616.9769483313435,721,15.18263218184934,0
PPO,nominal,2,1.2,1.25,6,2282.8940938910755,630,13.237186265977389,0
PPO,nominal,2,1.2,1.25,7,2319.478206601699,640,13.449935206505401,0
PPO,nominal,2,1.2,1.25,8,2483.8405931881684,690,14.365193811024904,0
PPO,nominal,2,1.2,1.25,9,1931.577653635075,539,11.153647677980498,0
PPO,nominal,2,1.2,1.5,0,452.21631292133975,157,2.371465628619675,0
PPO,nominal,2,1.2,1.5,1,446.78463301393674,157,2.3280273579718305,0
PPO,nominal,2,1.2,1.5,2,449.11519553159565,157,2.3466667467853624,0
PPO,nominal,2,1.2,1.5,3,453.3517262358136,157,2.3805612464520736,0
PPO,nominal,2,1.2,1.5,4,451.91836049598214,157,2.3690812376300454,0
PPO,nominal,2,1.2,1.5,5,457.09030705530813,158,2.40246705415298,0
PPO,nominal,2,1.2,1.5,6,449.4933694430585,157,2.3496947869674467,0
PPO,nominal,2,1.2,1.5,7,445.63778887654644,155,2.334804304484037,0
PPO,nominal,2,1.2,1.5,8,454.80573266600413,156,2.400153850911541,0
PPO,nominal,2,1.2,1.5,9,452.05762916856946,157,2.3702060874758826,0
PPO,nominal,2,1.4,0.5,0,329.69773064094613,127,1.630772857426007,0
PPO,nominal,2,1.4,0.5,1,322.4063768650627,125,1.5884597193295535,0
PPO,nominal,2,1.4,0.5,2,338.72882347749544,130,1.6790428713716639,0
PPO,nominal,2,1.4,0.5,3,341.5061538732329,131,1.6932803560339855,0
PPO,nominal,2,1.4,0.5,4,339.60336103681317,130,1.6860369194466112,0
PPO,nominal,2,1.4,0.5,5,334.96473213996404,129,1.6569535205396322,0
PPO,nominal,2,1.4,0.5,6,324.4126032801612,126,1.5965120089373328,0
PPO,nominal,2,1.4,0.5,7,321.9916759739709,125,1.5851465775858316,0
PPO,nominal,2,1.4,0.5,8,330.9750612902828,128,1.6329963783772807,0
PPO,nominal,2,1.4,0.5,9,331.1589038914681,128,1.634430920549902,0
PPO,nominal,2,1.4,0.75,0,489.9135943631906,170,2.56908855573103,0
PPO,nominal,2,1.4,0.75,1,502.3986576179718,174,2.636999859565626,0
PPO,nominal,2,1.4,0.75,2,490.159229028659,170,2.571062625620616,0
PPO,nominal,2,1.4,0.75,3,512.0396243523172,177,2.6901548804209314,0
PPO,nominal,2,1.4,0.75,4,508.82488223624125,176,2.6724283900096433,0
PPO,nominal,2,1.4,0.75,5,492.7006564488791,171,2.5833858575795086,0
PPO,nominal,2,1.4,0.75,6,475.3763327743549,166,2.4847289847316234,0
PPO,nominal,2,1.4,0.75,7,508.8855409262039,176,2.6729102767205397,0
PPO,nominal,2,1.4,0.75,8,499.41753516035277,173,2.6211488352198953,0
PPO,nominal,2,1.4,0.75,9,488.49844945230313,170,2.5577625269359703,0
PPO,nominal,2,1.4,1.0,0,891.1897574821274,271,4.972120475773621,0
PPO,nominal,2,1.4,1.0,1,852.9200357561305,262,4.73791957189451,0
PPO,nominal,2,1.4,1.0,2,898.756439031824,279,4.968695283000211,0
PPO,nominal,2,1.4,1.0,3,849.7947068716194,261,4.720912733998181,0
PPO,nominal,2,1.4,1.0,4,846.4222527347671,259,4.709931546209202,0
PPO,nominal,2,1.4,1.0,5,891.5998172814968,273,4.95932171334454,0
PPO,nominal,2,1.4,1.0,6,897.0050189251069,272,5.010661577571274,0
PPO,nominal,2,1.4,1.0,7,856.0883575995965,264,4.747300490364545,0
PPO,nominal,2,1.4,1.0,8,847.3887262551483,260,4.709626182241624,0
PPO,nominal,2,1.4,1.0,9,860.4925058576235,265,4.77450128767663,0
PPO,nominal,2,1.4,1.25,0,1020.6439923890916,293,5.8320884881566215,0
PPO,nominal,2,1.4,1.25,1,1011.7043246942071,292,5.768573185819239,0
PPO,nominal,2,1.4,1.25,2,1022.6891299515082,295,5.832454993299831,0
PPO,nominal,2,1.4,1.25,3,1027.3852141344832,297,5.854069576208364,0
PPO,nominal,2,1.4,1.25,4,961.2499035200291,279,5.46878157262636,0
PPO,nominal,2,1.4,1.25,5,961.6251357693073,279,5.471742530202357,0
PPO,nominal,2,1.4,1.25,6,963.8891096869953,280,5.481936437796273,0
PPO,nominal,2,1.4,1.25,7,1024.86204181729,295,5.849834049529752,0
PPO,nominal,2,1.4,1.25,8,945.0984772356445,274,5.379617869745626,0
PPO,nominal,2,1.4,1.25,9,1063.4144932988654,307,6.062337076040028,0
PPO,nominal,2,1.4,1.5,0,497.06635162190264,166,2.6584419334566953,0
PPO,nominal,2,1.4,1.5,1,496.1186699009103,165,2.6588294625440727,0
PPO,nominal,2,1.4,1.5,2,496.39158351590896,165,2.6610040985367087,0
PPO,nominal,2,1.4,1.5,3,493.01780715065104,165,2.6340409894223766,0
PPO,nominal,2,1.4,1.5,4,489.5425809904833,164,2.6142167578998805,0
PPO,nominal,2,1.4,1.5,5,496.63922600708804,166,2.655010966958964,0
PPO,nominal,2,1.4,1.5,6,485.3116884614333,163,2.588354576882048,0
PPO,nominal,2,1.4,1.5,7,489.81188014872384,165,2.608393768354632,0
PPO,nominal,2,1.4,1.5,8,498.3396462531652,165,2.6766043431330186,0
PPO,nominal,2,1.4,1.5,9,486.3530021243933,163,2.5966793820470495,0
PPO,randomized,0,0.6,0.5,0,593.6318669659634,201,3.1503703824433784,0
PPO,randomized,0,0.6,0.5,1,596.1548151908399,201,3.170551925157778,0
PPO,randomized,0,0.6,0.5,2,593.667480389214,201,3.150650633617352,0
PPO,randomized,0,0.6,0.5,3,801.7365233752317,247,4.4474734653249435,0
PPO,randomized,0,0.6,0.5,4,580.46845613205,199,3.061030015092907,0
PPO,randomized,0,0.6,0.5,5,603.5775997341715,203,3.2139451652849123,0
PPO,randomized,0,0.6,0.5,6,587.2422378493052,202,3.0911970100262436,0
PPO,randomized,0,0.6,0.5,7,901.0905579807061,279,4.986367886330842,0
PPO,randomized,0,0.6,0.5,8,588.8511477480731,201,3.112090943801441,0
PPO,randomized,0,0.6,0.5,9,792.3936519550889,245,4.388695598546029,0
PPO,randomized,0,0.6,0.75,0,1326.5678744659008,379,7.59090980971715,0
PPO,randomized,0,0.6,0.75,1,1409.7589130486301,406,8.040619373777384,0
PPO,randomized,0,0.6,0.75,2,1416.606226976873,416,8.015435787829793,0
PPO,randomized,0,0.6,0.75,3,1406.680370938003,402,8.047945643593536,0
PPO,randomized,0,0.6,0.75,4,1360.0776515213424,386,7.803001215289182,0
PPO,randomized,0,0.6,0.75,5,1419.7631004837233,423,7.984822338730307,0
PPO,randomized,0,0.6,0.75,6,1431.9344363332946,429,8.034140482961304,0
PPO,randomized,0,0.6,0.75,7,1418.9993763021891,415,8.042608558878161,0
PPO,randomized,0,0.6,0.75,8,1701.0313439156735,507,9.563345492265121,0
PPO,randomized,0,0.6,0.75,9,1430.1981605831095,427,8.036328386975708,0
PPO,randomized,0,0.6,1.0,0,2212.637285893912,647,12.537179402091816,0
PPO,randomized,0,0.6,1.0,1,733.701620057674,270,3.7196665215582967,0
PPO,randomized,0,0.6,1.0,2,730.7655548489572,270,3.6961988876249334,0
PPO,randomized,0,0.6,1.0,3,749.6292977439831,274,3.8150622106644856,0
PPO,randomized,0,0.6,1.0,4,731.7494661992303,270,3.7040569038638096,0
PPO,randomized,0,0.6,1.0,5,1841.2497013582456,566,10.213735510268146,0
PPO,randomized,0,0.6,1.0,6,2222.717132654582,669,12.442083227328713,0
PPO,randomized,0,0.6,1.0,7,2186.6292360769708,669,12.153370717389583,0
PPO,randomized,0,0.6,1.0,8,1420.2637998008624,496,7.405735451499392,0
PPO,randomized,0,0.6,1.0,9,743.9749677220223,273,3.7778432782966718,0
PPO,randomized,0,0.6,1.25,0,798.9540427117811,264,4.289250992412212,0
PPO,randomized,0,0.6,1.25,1,799.107153315519,264,4.290454425367441,0
PPO,randomized,0,0.6,1.25,2,798.9984738349643,265,4.2816247272474985,0
PPO,randomized,0,0.6,1.25,3,796.0775079801394,264,4.266227567382317,0
PPO,randomized,0,0.6,1.25,4,795.143214502351,263,4.26673436147168,0
PPO,randomized,0,0.6,1.25,5,798.7013965186702,264,4.2872334312977,0
PPO,randomized,0,0.6,1.25,6,795.6001095841727,264,4.262407816270561,0
PPO,randomized,0,0.6,1.25,7,798.854197115059,264,4.28845050676964,0
PPO,randomized,0,0.6,1.25,8,794.6396902687497,262,4.270666130501292,0
PPO,randomized,0,0.6,1.25,9,795.7821037717869,263,4.2718406231175345,0
PPO,randomized,0,0.6,1.5,0,435.51643623058015,161,2.2052244622251713,0
PPO,randomized,0,0.6,1.5,1,432.96094517746457,160,2.1927736140990133,0
PPO,randomized,0,0.6,1.5,2,432.03722760385443,159,2.193371667339899,0
PPO,randomized,0,0.6,1.5,3,434.5837543562196,160,2.205751002500034,0
PPO,randomized,0,0.6,1.5,4,433.97854292522686,160,2.2009129707235204,0
PPO,randomized,0,0.6,1.5,5,434.72436334205184,160,2.206878998983364,0
PPO,randomized,0,0.6,1.5,6,431.0948055528809,159,2.185839068734134,0
PPO,randomized,0,0.6,1.5,7,431.8546830923279,159,2.1919162150033635,0
PPO,randomized,0,0.6,1.5,8,432.38000859860125,159,2.196112535430993,0
PPO,randomized,0,0.6,1.5,9,434.54903382069693,160,2.2054745531251876,0
PPO,randomized,0,0.8,0.5,0,1020.1446564814515,284,5.898934179004773,0
PPO,randomized,0,0.8,0.5,1,541.4424609194493,189,2.8288091131096618,0
PPO,randomized,0,0.8,0.5,2,985.6619391823035,297,5.51918877422225,0
PPO,randomized,0,0.8,0.5,3,535.0863869138615,187,2.7939463789437804,0
PPO,randomized,0,0.8,0.5,4,837.2515278285566,253,4.683592069513484,0
PPO,randomized,0,0.8,0.5,5,535.0880047369266,187,2.79395769217672,0
PPO,randomized,0,0.8,0.5,6,532.9303032127152,188,2.768679085386299,0
PPO,randomized,0,0.8,0.5,7,538.310546027002,189,2.8037095829589873,0
PPO,randomized,0,0.8,0.5,8,543.8268792663373,190,2.8398745126674347,0
PPO,randomized,0,0.8,0.5,9,531.238149255108,186,2.7711656550772625,0
PPO,randomized,0,0.8,0.75,0,951.4155463622519,297,5.245385634614702,0
PPO,randomized,0,0.8,0.75,1,966.6244929682018,298,5.359034371873145,0
PPO,randomized,0,0.8,0.75,2,945.0323137378335,293,5.226237270760577,0
PPO,randomized,0,0.8,0.75,3,936.7406423655052,292,5.167907966267865,0
PPO,randomized,0,0.8,0.75,4,946.8104704357594,294,5.2324783366441485,0
PPO,randomized,0,0.8,0.75,5,944.4783885756133,293,5.221798033401896,0
PPO,randomized,0,0.8,0.75,6,945.511616028071,294,5.222079209750227,0
PPO,randomized,0,0.8,0.75,7,1108.9412894620793,327,6.265768753347373,0
PPO,randomized,0,0.8,0.75,8,1100.1234956492274,325,6.211188692350395,0
PPO,randomized,0,0.8,0.75,9,944.2559074948315,293,5.220039526495743,0
PPO,randomized,0,0.8,1.0,0,1712.8583364082538,512,9.618240375491153,0
PPO,randomized,0,0.8,1.0,1,1704.481369362694,510,9.567137002221342,0
PPO,randomized,0,0.8,1.0,2,1373.0005813613116,424,7.602827102898588,0
PPO,randomized,0,0.8,1.0,3,1706.9928631989064,513,9.563319639363003,0
PPO,randomized,0,0.8,1.0,4,1425.8732592155611,438,7.913870840691958,0
PPO,randomized,0,0.8,1.0,5,1380.3741850522658,426,7.6458379255232565,0
PPO,randomized,0,0.8,1.0,6,1710.416157653731,500,9.694528011369071,0
PPO,randomized,0,0.8,1.0,7,1399.1233972869832,435,7.723911667958738,0
PPO,randomized,0,0.8,1.0,8,2126.8621419383,632,11.971012324680274,0
PPO,randomized,0,0.8,1.0,9,1766.0968293274614,531,9.89225971918254,0
PPO,randomized,0,0.8,1.25,0,763.4436956681192,257,4.061196071761427,0
PPO,randomized,0,0.8,1.25,1,765.5848069920183,257,4.078341347567915,0
PPO,randomized,0,0.8,1.25,2,762.8802018237676,257,4.056701200528685,0
PPO,randomized,0,0.8,1.25,3,757.6086572042294,256,4.022510239155711,0
PPO,randomized,0,0.8,1.25,4,761.8580994123089,256,4.056518382206652,0
PPO,randomized,0,0.8,1.25,5,766.2237194943365,257,4.083460003184765,0
PPO,randomized,0,0.8,1.25,6,758.6625615866454,256,4.03094122285684,0
PPO,randomized,0,0.8,1.25,7,764.6753830520441,257,4.071052325368447,0
PPO,randomized,0,0.8,1.25,8,763.2363513048098,257,4.059541770397059,0
PPO,randomized,0,0.8,1.25,9,757.2759844220411,256,4.0198465076687535,0
PPO,randomized,0,0.8,1.5,0,432.18381071225747,159,2.1945263592503013,0
PPO,randomized,0,0.8,1.5,1,431.6822108622661,159,2.1905158326374865,0
PPO,randomized,0,0.8,1.5,2,431.17288205698566,159,2.186439634133491,0
PPO,randomized,0,0.8,1.5,3,432.808205719319,159,2.1995170273593048,0
PPO,randomized,0,0.8,1.5,4,429.68472858649085,158,2.1825373101974352,0
PPO,randomized,0,0.8,1.5,5,430.86354251969493,158,2.191942133659137,0
PPO,randomized,0,0.8,1.5,6,429.5179197761332,158,2.1811964303149933,0
PPO,randomized,0,0.8,1.5,7,430.77705050952375,158,2.191258681246795,0
PPO,randomized,0,0.8,1.5,8,430.10263071341967,158,2.185868991347801,0
PPO,randomized,0,0.8,1.5,9,431.8788928138091,159,2.192083810135878,0
PPO,randomized,0,1.0,0.5,0,798.3722996674171,234,4.524578467508802,0
PPO,randomized,0,1.0,0.5,1,810.169839923473,243,4.5469832020609315,0
PPO,randomized,0,1.0,0.5,2,821.2292209553104,240,4.65946740512269,0
PPO,randomized,0,1.0,0.5,3,786.6128469357462,236,4.414494142494494,0
PPO,randomized,0,1.0,0.5,4,786.4799295673205,235,4.421427987650213,0
PPO,randomized,0,1.0,0.5,5,778.691317278897,235,4.359128313279476,0
PPO,randomized,0,1.0,0.5,6,805.1489771099365,236,4.562794248739112,0
PPO,randomized,0,1.0,0.5,7,786.3489251141273,237,4.404381076974586,0
PPO,randomized,0,1.0,0.5,8,787.1856303838806,237,4.411098105748992,0
PPO,randomized,0,1.0,0.5,9,785.382793904176,233,4.428634632447018,0
PPO,randomized,0,1.0,0.75,0,942.9782187133072,269,5.401736961343441,0
PPO,randomized,0,1.0,0.75,1,914.4304188540156,265,5.205314600076272,0
PPO,randomized,0,1.0,0.75,2,874.6005592759827,255,4.966619308084927,0
PPO,randomized,0,1.0,0.75,3,908.958634789413,262,5.18552765779237,0
PPO,randomized,0,1.0,0.75,4,904.5249222288077,266,5.118058636909674,0
PPO,randomized,0,1.0,0.75,5,905.9562481188055,262,5.161482848268319,0
PPO,randomized,0,1.0,0.75,6,907.0469664241767,262,5.1701876305624,0
PPO,randomized,0,1.0,0.75,7,886.976142271159,257,5.049619341613988,0
PPO,randomized,0,1.0,0.75,8,909.1546977284592,263,5.17907352720092,0
PPO,randomized,0,1.0,0.75,9,917.1728663307782,265,5.227262192723554,0
PPO,randomized,0,1.0,1.0,0,1889.6154102064606,570,10.568849314144456,0
PPO,randomized,0,1.0,1.0,1,3201.6070065820472,1000,17.61978146798971,1
PPO,randomized,0,1.0,1.0,2,3118.501880017151,941,17.43457186850388,0
PPO,randomized,0,1.0,1.0,3,3183.7774737634027,1000,17.477154690347273,1
PPO,randomized,0,1.0,1.0,4,3194.882360194461,1000,17.566000502814294,1
PPO,randomized,0,1.0,1.0,5,3219.889392957631,1000,17.766033598134012,1
PPO,randomized,0,1.0,1.0,6,3195.8540241467676,1000,17.573773324200893,1
PPO,randomized,0,1.0,1.0,7,3197.882439457859,1000,17.589983163701856,1
PPO,randomized,0,1.0,1.0,8,3225.0970708492205,1000,17.80768660101258,1
PPO,randomized,0,1.0,1.0,9,3317.622658006622,1000,18.54776059126775,1
PPO,randomized,0,1.0,1.25,0,764.7488444647679,252,4.111640889662457,0
PPO,randomized,0,1.0,1.25,1,753.7074472700428,250,4.039275625054902,0
PPO,randomized,0,1.0,1.25,2,762.978461349916,252,4.0974704822612145,0
PPO,randomized,0,1.0,1.25,3,759.5381797488295,251,4.077927993562986,0
PPO,randomized,0,1.0,1.25,4,764.2759534020912,252,4.107850698925762,0
PPO,randomized,0,1.0,1.25,5,756.6594310835488,251,4.054912045574888,0
PPO,randomized,0,1.0,1.25,6,764.8434754323063,252,4.112370259751241,0
PPO,randomized,0,1.0,1.25,7,758.8546064741787,251,4.07245353453291,0
PPO,randomized,0,1.0,1.25,8,759.9386285954092,251,4.081146546902631,0
PPO,randomized,0,1.0,1.25,9,759.9421111725616,251,4.08115770792865,0
PPO,randomized,0,1.0,1.5,0,426.34318832069636,157,2.1637984103994565,0
PPO,randomized,0,1.0,1.5,1,426.265693757842,157,2.1631806265574594,0
PPO,randomized,0,1.0,1.5,2,423.63095627123266,156,2.1501016833347735,0
PPO,randomized,0,1.0,1.5,3,423.76101263459634,156,2.1511412965559087,0
PPO,randomized,0,1.0,1.5,4,428.3951240709372,158,2.172232196813234,0
PPO,randomized,0,1.0,1.5,5,426.14429366374384,157,2.1622108204209014,0
PPO,randomized,0,1.0,1.5,6,426.9056238739362,157,2.168301391977332,0
PPO,randomized,0,1.0,1.5,7,425.53527155983403,157,2.15733997621304,0
PPO,randomized,0,1.0,1.5,8,425.0499452375189,156,2.1614421736430742,0
PPO,randomized,0,1.0,1.5,9,423.7255475800037,156,2.1508524518302794,0
PPO,randomized,0,1.2,0.5,0,606.3997896544425,196,3.292648156011159,0
PPO,randomized,0,1.2,0.5,1,594.8034492427481,194,3.215848505729513,0
PPO,randomized,0,1.2,0.5,2,637.1650204176472,203,3.482828241982386,0
PPO,randomized,0,1.2,0.5,3,579.7967521672836,191,3.119779105075909,0
PPO,randomized,0,1.2,0.5,4,593.4914776923287,194,3.2053722862099336,0
PPO,randomized,0,1.2,0.5,5,589.086037635748,193,3.178116342705066,0
PPO,randomized,0,1.2,0.5,6,587.3117574437456,193,3.163927675496148,0
PPO,randomized,0,1.2,0.5,7,585.5798197030335,192,3.158058054579596,0
PPO,randomized,0,1.2,0.5,8,578.0576295688849,190,3.113855302817013,0
PPO,randomized,0,1.2,0.5,9,591.0962512077263,193,3.194196413562735,0
PPO,randomized,0,1.2,0.75,0,610.665239869744,202,3.2787695859517916,0
PPO,randomized,0,1.2,0.75,1,624.2839614689798,205,3.3637703538948234,0
PPO,randomized,0,1.2,0.75,2,602.462934004651,200,3.2291527046884743,0
PPO,randomized,0,1.2,0.75,3,553.8214406063565,190,2.9198824314679714,0
PPO,randomized,0,1.2,0.75,4,554.7097840120259,190,2.9270043593776505,0
PPO,randomized,0,1.2,0.75,5,572.6631411885769,194,3.0386752779104724,0
PPO,randomized,0,1.2,0.75,6,621.491559545901,204,3.3494332670758644,0
PPO,randomized,0,1.2,0.75,7,548.4278745576206,188,2.892697190824717,0
PPO,randomized,0,1.2,0.75,8,559.584809983681,191,2.9580153841241144,0
PPO,randomized,0,1.2,0.75,9,568.9254106887762,193,3.016759718087849,0
PPO,randomized,0,1.2,1.0,0,1103.5894006543701,334,6.167173545548747,0
PPO,randomized,0,1.2,1.0,1,1107.844187619246,335,6.193197710682796,0
PPO,randomized,0,1.2,1.0,2,1112.1572801869816,335,6.227722122935668,0
PPO,randomized,0,1.2,1.0,3,1106.4326930829184,333,6.197934147517467,0
PPO,randomized,0,1.2,1.0,4,1124.5725019097672,343,6.263051826331929,0
PPO,randomized,0,1.2,1.0,5,1117.6336035384966,340,6.231539033134712,0
PPO,randomized,0,1.2,1.0,6,1095.0513143440671,330,6.130852425319558,0
PPO,randomized,0,1.2,1.0,7,1103.9800792259593,331,6.194273983821226,0
PPO,randomized,0,1.2,1.0,8,1107.6925390896602,333,6.207996064148067,0
PPO,randomized,0,1.2,1.0,9,1119.8270494457668,342,6.23308046854586,0
PPO,randomized,0,1.2,1.25,0,1053.328741920411,314,5.924829060774512,0
PPO,randomized,0,1.2,1.25,1,1033.2316445001277,308,5.811976492900957,0
PPO,randomized,0,1.2,1.25,2,1029.4811993109217,308,5.781957935936632,0
PPO,randomized,0,1.2,1.25,3,1033.9184185235006,309,5.809475902183395,0
PPO,randomized,0,1.2,1.25,4,1023.8738834699709,306,5.753054779108452,0
PPO,randomized,0,1.2,1.25,5,1031.9410435410116,308,5.8016445170765385,0
PPO,randomized,0,1.2,1.25,6,1054.9893368145247,314,5.938123594282136,0
PPO,randomized,0,1.2,1.25,7,1060.066259324691,316,5.96275822245036,0
PPO,randomized,0,1.2,1.25,8,1040.1311826759256,309,5.859193986346268,0
PPO,randomized,0,1.2,1.25,9,994.4366872316009,301,5.5574909375448405,0
PPO,randomized,0,1.2,1.5,0,434.926616172825,158,2.2245223117814117,0
PPO,randomized,0,1.2,1.5,1,441.9868603409275,160,2.2650308850497516,0
PPO,randomized,0,1.2,1.5,2,443.75456180605227,160,2.279173786693856,0
PPO,randomized,0,1.2,1.5,3,445.3088926674472,160,2.291616891845594,0
PPO,randomized,0,1.2,1.5,4,440.04479808151234,159,2.2574833959743725,0
PPO,randomized,0,1.2,1.5,5,444.5691905563461,160,2.2856870041725053,0
PPO,randomized,0,1.2,1.5,6,444.50700292237644,160,2.2851901322055723,0
PPO,randomized,0,1.2,1.5,7,433.2251013268947,157,2.218900084143352,0
PPO,randomized,0,1.2,1.5,8,440.16466096109906,158,2.266429425294603,0
PPO,randomized,0,1.2,1.5,9,435.1457779302892,158,2.226281783284097,0
PPO,randomized,0,1.4,0.5,0,473.0689590381429,167,2.4578287351788783,0
PPO,randomized,0,1.4,0.5,1,468.84577691189577,166,2.4320306388655384,0
PPO,randomized,0,1.4,0.5,2,469.48784876296986,166,2.4371645161132545,0
PPO,randomized,0,1.4,0.5,3,471.4633363487933,167,2.444987571081421,0
PPO,randomized,0,1.4,0.5,4,464.6720085224771,165,2.406648311549131,0
PPO,randomized,0,1.4,0.5,5,464.2797926390487,165,2.403506636199275,0
PPO,randomized,0,1.4,0.5,6,471.7521331133369,167,2.447300718473895,0
PPO,randomized,0,1.4,0.5,7,462.1144067690951,164,2.3941708368222896,0
PPO,randomized,0,1.4,0.5,8,471.5422690819084,167,2.4456142885924086,0
PPO,randomized,0,1.4,0.5,9,461.1092899451797,164,2.3861281991007792,0
PPO,randomized,0,1.4,0.75,0,680.018810459836,216,3.721808545176456,0
PPO,randomized,0,1.4,0.75,1,695.3200385598382,220,3.8122505513506453,0
PPO,randomized,0,1.4,0.75,2,689.3023947532203,218,3.780084612729595,0
PPO,randomized,0,1.4,0.75,3,689.5440535118103,219,3.7740400082398557,0
PPO,randomized,0,1.4,0.75,4,713.5166353612564,225,3.9178624726734337,0
PPO,randomized,0,1.4,0.75,5,671.9887110634684,214,3.6735504835248887,0
PPO,randomized,0,1.4,0.75,6,659.2667346277583,211,3.59576102041553,0
PPO,randomized,0,1.4,0.75,7,695.0945269726968,220,3.8104525267713316,0
PPO,randomized,0,1.4,0.75,8,686.1145639097981,218,3.7546055952449797,0
PPO,randomized,0,1.4,0.75,9,658.7159168326017,211,3.5913511114271093,0
PPO,randomized,0,1.4,1.0,0,832.2770141692508,267,4.532141408626888,0
PPO,randomized,0,1.4,1.0,1,829.74366468537,265,4.527853407404323,0
PPO,randomized,0,1.4,1.0,2,833.7688695201433,267,4.54407235207957,0
PPO,randomized,0,1.4,1.0,3,844.1391712623877,270,4.603089571630355,0
PPO,randomized,0,1.4,1.0,4,826.1111784738777,264,4.506784243455258,0
PPO,randomized,0,1.4,1.0,5,836.4208389319209,266,4.57327105223602,0
PPO,randomized,0,1.4,1.0,6,831.9614790845436,267,4.529604905404361,0
PPO,randomized,0,1.4,1.0,7,802.8478402428196,257,4.376687043633118,0
PPO,randomized,0,1.4,1.0,8,1042.1979424505212,314,5.835860176662929,0
PPO,randomized,0,1.4,1.0,9,835.4200556748525,267,4.557283947819474,0
PPO,randomized,0,1.4,1.25,0,884.5468552051127,273,4.90230403239659,0
PPO,randomized,0,1.4,1.25,1,842.2585589245009,263,4.643969071518946,0
PPO,randomized,0,1.4,1.25,2,838.9878881651505,262,4.625816360255372,0
PPO,randomized,0,1.4,1.25,3,843.4210087279646,264,4.645284057806576,0
PPO,randomized,0,1.4,1.25,4,836.9298604434749,262,4.609337030364539,0
PPO,randomized,0,1.4,1.25,5,875.5523848260708,274,4.82232634441118,0
PPO,randomized,0,1.4,1.25,6,846.2678996486416,266,4.652041913302008,0
PPO,randomized,0,1.4,1.25,7,891.4805298232036,278,4.917778759442927,0
PPO,randomized,0,1.4,1.25,8,847.965530095227,266,4.665625442925095,0
PPO,randomized,0,1.4,1.25,9,858.594168216706,270,4.718653846010462,0
PPO,randomized,0,1.4,1.5,0,483.7917386578733,168,2.5355812914257805,0
PPO,randomized,0,1.4,1.5,1,482.43871569667016,167,2.532736478833764,0
PPO,randomized,0,1.4,1.5,2,489.6489269656208,169,2.574446717201556,0
PPO,randomized,0,1.4,1.5,3,484.0593365804715,168,2.537720896328703,0
PPO,randomized,0,1.4,1.5,4,492.745052323048,170,2.5912254817728666,0
PPO,randomized,0,1.4,1.5,5,482.81845074935325,168,2.527794143767554,0
PPO,randomized,0,1.4,1.5,6,484.81755757074495,168,2.54378018552798,0
PPO,randomized,0,1.4,1.5,7,485.48552636719756,169,2.5411455403546537,0
PPO,randomized,0,1.4,1.5,8,479.60293484418196,166,2.518047872327439,0
PPO,randomized,0,1.4,1.5,9,477.8126243272099,166,2.5037259719307614,0
PPO,randomized,1,0.6,0.5,0,3126.3464236440427,1000,17.01873308319449,1
PPO,randomized,1,0.6,0.5,1,3089.224285822049,1000,16.721941794337422,1
PPO,randomized,1,0.6,0.5,2,3028.1581608966144,1000,16.233455117381826,1
PPO,randomized,1,0.6,0.5,3,3191.631779885485,1000,17.540791029542966,1
PPO,randomized,1,0.6,0.5,4,3084.779431391216,1000,16.686423249223445,1
PPO,randomized,1,0.6,0.5,5,3198.323068881279,1000,17.5944936760854,1
PPO,randomized,1,0.6,0.5,6,3108.504871155169,1000,16.87613752796551,1
PPO,randomized,1,0.6,0.5,7,3016.9055235965307,1000,16.14340599523493,1
PPO,randomized,1,0.6,0.5,8,3153.8747314109028,1000,17.238873149405322,1
PPO,randomized,1,0.6,0.5,9,3068.072437373359,1000,16.55276172125554,1
PPO,randomized,1,0.6,0.75,0,3443.3879739227127,1000,19.556093654610745,1
PPO,randomized,1,0.6,0.75,1,3453.2462858228523,1000,19.634855452620936,1
PPO,randomized,1,0.6,0.75,2,3456.8488356531197,1000,19.663480318505492,1
PPO,randomized,1,0.6,0.75,3,3448.3952548029256,1000,19.595951616368524,1
PPO,randomized,1,0.6,0.75,4,3451.426241954179,1000,19.620258930204496,1
PPO,randomized,1,0.6,0.75,5,3448.641862062896,1000,19.598029193341134,1
PPO,randomized,1,0.6,0.75,6,3443.4982488101364,1000,19.556891328426104,1
PPO,randomized,1,0.6,0.75,7,3452.7904220448154,1000,19.631010793439277,1
PPO,randomized,1,0.6,0.75,8,3446.1516867372343,1000,19.577893483081816,1
PPO,randomized,1,0.6,0.75,9,3445.721299447814,1000,19.574670850933607,1
PPO,randomized,1,0.6,1.0,0,503.7137448995518,188,2.536120209617098,0
PPO,randomized,1,0.6,1.0,1,510.0523705864767,190,2.570857068420858,0
PPO,randomized,1,0.6,1.0,2,508.08302616582836,190,2.5550894309672425,0
PPO,randomized,1,0.6,1.0,3,505.63666876903795,189,2.543517079179109,0
PPO,randomized,1,0.6,1.0,4,508.49622231881483,190,2.558429107910334,0
PPO,randomized,1,0.6,1.0,5,506.65722810669484,189,2.5517020249314695,0
PPO,randomized,1,0.6,1.0,6,511.31001383284604,191,2.5729461081229523,0
PPO,randomized,1,0.6,1.0,7,507.0724931089452,189,2.555017607644279,0
PPO,randomized,1,0.6,1.0,8,506.82760449074937,189,2.5530385273452447,0
PPO,randomized,1,0.6,1.0,9,508.4000462724934,190,2.5576313071979584,0
PPO,randomized,1,0.6,1.25,0,372.69037258174063,149,1.7996639279490458,0
PPO,randomized,1,0.6,1.25,1,368.0437284587134,148,1.7705125839725684,0
PPO,randomized,1,0.6,1.25,2,378.25616240687503,151,1.8282150307736458,0
PPO,randomized,1,0.6,1.25,3,363.87284498131436,147,1.7451139272310046,0
PPO,randomized,1,0.6,1.25,4,364.1192569479442,146,1.7550320206750023,0
PPO,randomized,1,0.6,1.25,5,377.2546529293284,150,1.8282124972608562,0
PPO,randomized,1,0.6,1.25,6,367.9386356423608,148,1.7696561622286449,0
PPO,randomized,1,0.6,1.25,7,376.49388344898347,150,1.8220991045564554,0
PPO,randomized,1,0.6,1.25,8,363.8549511295235,146,1.7529452892574138,0
PPO,randomized,1,0.6,1.25,9,362.9405650477625,146,1.7456253732408402,0
PPO,randomized,1,0.6,1.5,0,438.59336829534016,156,2.2705550857801864,0
PPO,randomized,1,0.6,1.5,1,440.22357077070154,156,2.2835944997698787,0
PPO,randomized,1,0.6,1.5,2,434.5508378880926,154,2.2541696852359356,0
PPO,randomized,1,0.6,1.5,3,436.20540238836156,155,2.2594474901529575,0
PPO,randomized,1,0.6,1.5,4,436.225256119055,155,2.2595931883403617,0
PPO,randomized,1,0.6,1.5,5,436.77090925726725,155,2.263976189464336,0
PPO,randomized,1,0.6,1.5,6,436.4464351154241,155,2.2613634638679336,0
PPO,randomized,1,0.6,1.5,7,435.1581465771136,154,2.2590448169552255,0
PPO,randomized,1,0.6,1.5,8,435.5040093074075,154,2.2617989596409678,0
PPO,randomized,1,0.6,1.5,9,436.4854198909506,155,2.2616724538996684,0
PPO,randomized,1,0.8,0.5,0,2015.3320653745786,580,11.495233277667039,0
PPO,randomized,1,0.8,0.5,1,1070.0610361470262,319,6.019026403044807,0
PPO,randomized,1,0.8,0.5,2,851.6936535202268,273,4.639712548689008,0
PPO,randomized,1,0.8,0.5,3,1802.561486434799,573,9.84908622087924,0
PPO,randomized,1,0.8,0.5,4,3178.3183920152455,1000,17.434086218654308,1
PPO,randomized,1,0.8,0.5,5,1284.7006539900933,363,7.384583658053254,0
PPO,randomized,1,0.8,0.5,6,883.4779405024418,279,4.846070073568481,0
PPO,randomized,1,0.8,0.5,7,857.1177545318384,272,4.691142728072925,0
PPO,randomized,1,0.8,0.5,8,882.2093160125315,277,4.851894923565639,0
PPO,randomized,1,0.8,0.5,9,870.6007684820355,276,4.767042779364456,0
PPO,randomized,1,0.8,0.75,0,3342.6725642547376,1000,18.750002411712867,1
PPO,randomized,1,0.8,0.75,1,3345.2784640355358,1000,18.77089997504282,1
PPO,randomized,1,0.8,0.75,2,3340.7989697687267,1000,18.73500178598649,1
PPO,randomized,1,0.8,0.75,3,3346.79899298446,1000,18.78310811262592,1
PPO,randomized,1,0.8,0.75,4,3342.208451874681,1000,18.746391474267465,1
PPO,randomized,1,0.8,0.75,5,3344.369375196302,1000,18.763679537855367,1
PPO,randomized,1,0.8,0.75,6,3352.7461975250344,1000,18.83055764571694,1
PPO,randomized,1,0.8,0.75,7,3348.9859827395053,1000,18.80050580827749,1
PPO,randomized,1,0.8,0.75,8,3344.037221528375,1000,18.760950136590573,1
PPO,randomized,1,0.8,0.75,9,3345.175538590628,1000,18.770166536245767,1
PPO,randomized,1,0.8,1.0,0,3477.138639375701,1000,19.826775361287584,1
PPO,randomized,1,0.8,1.0,1,3477.1327824858645,1000,19.826507372946605,1
PPO,randomized,1,0.8,1.0,2,3479.745501994923,1000,19.847616168039757,1
PPO,randomized,1,0.8,1.0,3,3484.432381836168,1000,19.884880821856783,1
PPO,randomized,1,0.8,1.0,4,3470.2109621758605,1000,19.771353296421204,1
PPO,randomized,1,0.8,1.0,5,3476.4247002977777,1000,19.8209984267744,1
PPO,randomized,1,0.8,1.0,6,3466.286518550604,1000,19.73967920693487,1
PPO,randomized,1,0.8,1.0,7,3480.865249534106,1000,19.8563158849931,1
PPO,randomized,1,0.8,1.0,8,3460.264777350216,1000,19.691796531464863,1
PPO,randomized,1,0.8,1.0,9,3489.3211310734496,1000,19.924003324742646,1
PPO,randomized,1,0.8,1.25,0,3563.7816444450996,1000,20.51866942708418,1
PPO,randomized,1,0.8,1.25,1,3561.4002373558897,1000,20.499382060184793,1
PPO,randomized,1,0.8,1.25,2,3507.1900461765144,1000,20.06607528636047,1
PPO,randomized,1,0.8,1.25,3,3496.412875124577,1000,19.979970492295113,1
PPO,randomized,1,0.8,1.25,4,3587.549680289825,1000,20.708584640210926,1
PPO,randomized,1,0.8,1.25,5,3595.653469227062,1000,20.773401774146876,1
PPO,randomized,1,0.8,1.25,6,3573.185069313333,1000,20.593936755834747,1
PPO,randomized,1,0.8,1.25,7,3530.042574731327,1000,20.248971210788813,1
PPO,randomized,1,0.8,1.25,8,3580.037445726064,1000,20.648413073082345,1
PPO,randomized,1,0.8,1.25,9,3591.0046999063206,1000,20.73620341224382,1
PPO,randomized,1,0.8,1.5,0,451.1406803735997,158,2.354963000520654,0
PPO,randomized,1,0.8,1.5,1,460.20434700208136,160,2.411487361637761,0
PPO,randomized,1,0.8,1.5,2,455.1839666906103,159,2.379314384432305,0
PPO,randomized,1,0.8,1.5,3,452.1508110385963,158,2.363036498606241,0
PPO,randomized,1,0.8,1.5,4,452.88132591906907,158,2.3688630614232737,0
PPO,randomized,1,0.8,1.5,5,455.0814452651878,158,2.386455178505116,0
PPO,randomized,1,0.8,1.5,6,462.4130228065614,160,2.429129515362389,0
PPO,randomized,1,0.8,1.5,7,450.24582269208946,157,2.3557750434390146,0
PPO,randomized,1,0.8,1.5,8,450.30526391164915,157,2.356230109958418,0
PPO,randomized,1,0.8,1.5,9,450.69706528759986,158,2.3514259344540784,0
PPO,randomized,1,1.0,0.5,0,616.1368448330296,202,3.322906771200687,0
PPO,randomized,1,1.0,0.5,1,619.5017231529964,203,3.341816255834922,0
PPO,randomized,1,1.0,0.5,2,654.2569834805008,211,3.55591684530185,0
PPO,randomized,1,1.0,0.5,3,633.0797657821091,206,3.426461645698573,0
PPO,randomized,1,1.0,0.5,4,642.4658609550632,209,3.477543530898816,0
PPO,randomized,1,1.0,0.5,5,668.7863271770048,216,3.632185180891233,0
PPO,randomized,1,1.0,0.5,6,636.6069429837797,207,3.4466937652500635,0
PPO,randomized,1,1.0,0.5,7,608.4705642200023,200,3.277533465854066,0
PPO,randomized,1,1.0,0.5,8,608.4401498939694,200,3.2772892475393807,0
PPO,randomized,1,1.0,0.5,9,644.725129610358,210,3.4876557093275573,0
PPO,randomized,1,1.0,0.75,0,3221.9381789007452,1000,17.783745099664785,1
PPO,randomized,1,1.0,0.75,1,3231.710061955522,1000,17.862160894994794,1
PPO,randomized,1,1.0,0.75,2,3224.1096584583465,1000,17.801363812404446,1
PPO,randomized,1,1.0,0.75,3,3231.7073652496547,1000,17.86215607869944,1
PPO,randomized,1,1.0,0.75,4,3235.030041936586,1000,17.88862783578325,1
PPO,randomized,1,1.0,0.75,5,3223.720749419028,1000,17.79838019812525,1
PPO,randomized,1,1.0,0.75,6,3232.7000078267647,1000,17.870019037739233,1
PPO,randomized,1,1.0,0.75,7,3232.631829623548,1000,17.869510280108283,1
PPO,randomized,1,1.0,0.75,8,3229.294829876611,1000,17.842893015631397,1
PPO,randomized,1,1.0,0.75,9,3231.5529005216963,1000,17.860985938847815,1
PPO,randomized,1,1.0,1.0,0,3407.936615454726,1000,19.272521694263176,1
PPO,randomized,1,1.0,1.0,1,3408.3903584424866,1000,19.276152187060973,1
PPO,randomized,1,1.0,1.0,2,3408.295136424496,1000,19.27549657751089,1
PPO,randomized,1,1.0,1.0,3,3409.007523312009,1000,19.280994253282685,1
PPO,randomized,1,1.0,1.0,4,3412.5898889832924,1000,19.309481046515316,1
PPO,randomized,1,1.0,1.0,5,3409.834123238854,1000,19.287624826895645,1
PPO,randomized,1,1.0,1.0,6,3406.301867666883,1000,19.259625048047813,1
PPO,randomized,1,1.0,1.0,7,3410.955085829404,1000,19.296722500626053,1
PPO,randomized,1,1.0,1.0,8,3404.649679262655,1000,19.24626076434724,1
PPO,randomized,1,1.0,1.0,9,3412.5908901480557,1000,19.309575983782967,1
PPO,randomized,1,1.0,1.25,0,3566.1644295612323,1000,20.537584293130024,1
PPO,randomized,1,1.0,1.25,1,3555.688445320498,1000,20.453923382241843,1
PPO,randomized,1,1.0,1.25,2,3589.992779891789,1000,20.728242177748232,1
PPO,randomized,1,1.0,1.25,3,3561.3578515086915,1000,20.4993319190335,1
PPO,randomized,1,1.0,1.25,4,3598.7657380702326,1000,20.798381522177635,1
PPO,randomized,1,1.0,1.25,5,3610.4603691149487,1000,20.891885303392193,1
PPO,randomized,1,1.0,1.25,6,3541.1772032186614,1000,20.33783921585487,1
PPO,randomized,1,1.0,1.25,7,3561.842126969361,1000,20.503098432984576,1
PPO,randomized,1,1.0,1.25,8,3559.866310796635,1000,20.48740164550277,1
PPO,randomized,1,1.0,1.25,9,3573.688293220248,1000,20.59781643810999,1
PPO,randomized,1,1.0,1.5,0,522.9650040532099,174,2.8016735224601597,0
PPO,randomized,1,1.0,1.5,1,521.1488186158703,174,2.787148873661821,0
PPO,randomized,1,1.0,1.5,2,533.5841131017289,176,2.870627972077677,0
PPO,randomized,1,1.0,1.5,3,525.6198453731497,174,2.822893781071348,0
PPO,randomized,1,1.0,1.5,4,505.1600259509242,170,2.6912107951817927,0
PPO,randomized,1,1.0,1.5,5,511.5939980884441,171,2.7346679718794995,0
PPO,randomized,1,1.0,1.5,6,539.0133569795171,178,2.8980895528685573,0
PPO,randomized,1,1.0,1.5,7,534.7184718997883,177,2.8717239308436624,0
PPO,randomized,1,1.0,1.5,8,516.3356951814953,172,2.76460749326103,0
PPO,randomized,1,1.0,1.5,9,500.02102441172565,168,2.666066453917264,0
PPO,randomized,1,1.2,0.5,0,528.5489404314465,187,2.7420670450464226,0
PPO,randomized,1,1.2,0.5,1,534.4521968170599,189,2.773303186039794,0
PPO,randomized,1,1.2,0.5,2,508.34469564091285,182,2.6203957714075283,0
PPO,randomized,1,1.2,0.5,3,538.4244597628891,190,2.797096698511709,0
PPO,randomized,1,1.2,0.5,4,525.469695372159,187,2.717444433116582,0
PPO,randomized,1,1.2,0.5,5,508.6917255225143,182,2.6231446345730065,0
PPO,randomized,1,1.2,0.5,6,539.9144826207867,190,2.809027232969512,0
PPO,randomized,1,1.2,0.5,7,504.722071852382,181,2.599411629958325,0
PPO,randomized,1,1.2,0.5,8,554.0332709929044,193,2.898006676483025,0
PPO,randomized,1,1.2,0.5,9,522.3286393684635,184,2.7162353713296215,0
PPO,randomized,1,1.2,0.75,0,3101.9851370579954,1000,16.8239133997868,1
PPO,randomized,1,1.2,0.75,1,2294.2946928439683,673,12.98376385228983,0
PPO,randomized,1,1.2,0.75,2,3111.2197066318618,1000,16.897811734771338,1
PPO,randomized,1,1.2,0.75,3,3119.975130947088,1000,16.9677988073298,1
PPO,randomized,1,1.2,0.75,4,3116.72691686994,1000,16.941807685526854,1
PPO,randomized,1,1.2,0.75,5,3121.3041627750877,1000,16.97843523727336,1
PPO,randomized,1,1.2,0.75,6,3105.9573844538977,1000,16.85579417568597,1
PPO,randomized,1,1.2,0.75,7,3110.653566246268,1000,16.893230225794923,1
PPO,randomized,1,1.2,0.75,8,3107.3842889352986,1000,16.867043828297323,1
PPO,randomized,1,1.2,0.75,9,3125.3424513840964,1000,17.01064911901697,1
PPO,randomized,1,1.2,1.0,0,3293.4194816380846,1000,18.35591915880344,1
PPO,randomized,1,1.2,1.0,1,3296.176171461689,1000,18.37798516013205,1
PPO,randomized,1,1.2,1.0,2,3290.963370977136,1000,18.336194517437765,1
PPO,randomized,1,1.2,1.0,3,3291.528114542369,1000,18.34063198252163,1
PPO,randomized,1,1.2,1.0,4,3288.6564410636233,1000,18.317852800538,1
PPO,randomized,1,1.2,1.0,5,3295.9936545311557,1000,18.376478770894376,1
PPO,randomized,1,1.2,1.0,6,3295.133616646848,1000,18.369467895408086,1
PPO,randomized,1,1.2,1.0,7,3297.790944550972,1000,18.390740399361466,1
PPO,randomized,1,1.2,1.0,8,3291.581593199232,1000,18.341041579592368,1
PPO,randomized,1,1.2,1.0,9,3289.9507384673784,1000,18.32800788162591,1
PPO,randomized,1,1.2,1.25,0,3455.3180896310946,1000,19.65130277229115,1
PPO,randomized,1,1.2,1.25,1,3472.719977883219,1000,19.79051248511374,1
PPO,randomized,1,1.2,1.25,2,3456.2954680870816,1000,19.659112780859235,1
PPO,randomized,1,1.2,1.25,3,3455.967155741291,1000,19.656435185432308,1
PPO,randomized,1,1.2,1.25,4,3443.092717145456,1000,19.55371097346699,1
PPO,randomized,1,1.2,1.25,5,3471.407637788391,1000,19.780024799616758,1
PPO,randomized,1,1.2,1.25,6,3463.1260851921375,1000,19.71369988270154,1
PPO,randomized,1,1.2,1.25,7,3453.386918989587,1000,19.63588634913484,1
PPO,randomized,1,1.2,1.25,8,3455.892868979362,1000,19.655918043905174,1
PPO,randomized,1,1.2,1.25,9,3468.6764968669986,1000,19.75816205638142,1
PPO,randomized,1,1.2,1.5,0,608.7300048613185,196,3.311996586286634,0
PPO,randomized,1,1.2,1.5,1,605.3544950047798,197,3.277066801029726,0
PPO,randomized,1,1.2,1.5,2,619.7316457668278,200,3.3680773875051315,0
PPO,randomized,1,1.2,1.5,3,626.7318980672611,201,3.4160686018987287,0
PPO,randomized,1,1.2,1.5,4,619.5632969972132,200,3.3667235433551124,0
PPO,randomized,1,1.2,1.5,5,617.7129007875075,199,3.3599048537854737,0
PPO,randomized,1,1.2,1.5,6,625.8967440578778,201,3.409385415972187,0
PPO,randomized,1,1.2,1.5,7,603.3241421998586,194,3.284733972944116,0
PPO,randomized,1,1.2,1.5,8,616.7621300817244,198,3.3602762808630873,0
PPO,randomized,1,1.2,1.5,9,618.4767581968451,199,3.3660198736784057,0
PPO,randomized,1,1.4,0.5,0,446.0547468514977,164,2.265890690965415,0
PPO,randomized,1,1.4,0.5,1,459.6914981643707,168,2.343026545143827,0
PPO,randomized,1,1.4,0.5,2,479.91308704239,175,2.4489086683027206,0
PPO,randomized,1,1.4,0.5,3,467.7593160990541,172,2.375585913967045,0
PPO,randomized,1,1.4,0.5,4,456.61206966092374,168,2.318415178602346,0
PPO,randomized,1,1.4,0.5,5,452.86781347859477,167,2.2964188319982775,0
PPO,randomized,1,1.4,0.5,6,458.7395722444999,169,2.3274460889920303,0
PPO,randomized,1,1.4,0.5,7,454.12283884145904,166,2.314487010215196,0
PPO,randomized,1,1.4,0.5,8,449.24937681268364,166,2.2754592322321514,0
PPO,randomized,1,1.4,0.5,9,461.534703398017,170,2.3417872218024494,0
PPO,randomized,1,1.4,0.75,0,746.3152357173296,245,4.020607574774338,0
PPO,randomized,1,1.4,0.75,1,748.465927004979,248,4.01388712006475,0
PPO,randomized,1,1.4,0.75,2,739.6679377321644,243,3.983484631241263,0
PPO,randomized,1,1.4,0.75,3,753.5870087726986,250,4.038934476812697,0
PPO,randomized,1,1.4,0.75,4,765.8721953759758,253,4.113221849841385,0
PPO,randomized,1,1.4,0.75,5,737.5196528540345,242,3.9743345914450443,0
PPO,randomized,1,1.4,0.75,6,736.8160442955486,242,3.9686174536890912,0
PPO,randomized,1,1.4,0.75,7,744.6411887051407,247,3.991255787590483,0
PPO,randomized,1,1.4,0.75,8,735.786380614507,242,3.960404045374351,0
PPO,randomized,1,1.4,0.75,9,737.4975093259657,242,3.9741472484303357,0
PPO,randomized,1,1.4,1.0,0,3209.099135596778,1000,17.681046141406792,1
PPO,randomized,1,1.4,1.0,1,3213.532832438223,1000,17.71648562971469,1
PPO,randomized,1,1.4,1.0,2,3209.6712469849767,1000,17.685620631228048,1
PPO,randomized,1,1.4,1.0,3,3213.9598190535894,1000,17.71990255418181,1
PPO,randomized,1,1.4,1.0,4,3210.639401903684,1000,17.693350957225917,1
PPO,randomized,1,1.4,1.0,5,3210.399895809406,1000,17.691387506215587,1
PPO,randomized,1,1.4,1.0,6,3212.1848979303563,1000,17.7057067814641,1
PPO,randomized,1,1.4,1.0,7,3209.807002039614,1000,17.68669614779545,1
PPO,randomized,1,1.4,1.0,8,3211.821235791115,1000,17.7027825371185,1
PPO,randomized,1,1.4,1.0,9,3211.8366656652856,1000,17.702954242454048,1
PPO,randomized,1,1.4,1.25,0,3367.1986444080653,1000,18.946258607092826,1
PPO,randomized,1,1.4,1.25,1,3375.9141752431274,1000,19.01606125087488,1
PPO,randomized,1,1.4,1.25,2,2522.3362157010515,725,14.393070193971154,0
PPO,randomized,1,1.4,1.25,3,2403.3850775178857,693,13.697146530514651,0
PPO,randomized,1,1.4,1.25,4,3361.732375839072,1000,18.902527220854974,1
PPO,randomized,1,1.4,1.25,5,3358.2807213154306,1000,18.875040674990597,1
PPO,randomized,1,1.4,1.25,6,3361.8277409748116,1000,18.90331606746031,1
PPO,randomized,1,1.4,1.25,7,3354.845388999195,1000,18.847398614521953,1
PPO,randomized,1,1.4,1.25,8,3358.568063027225,1000,18.877318253532813,1
PPO,randomized,1,1.4,1.25,9,3354.1158818333506,1000,18.84167752961291,1
PPO,randomized,1,1.4,1.5,0,723.9945022989398,223,4.018292703936551,0
PPO,randomized,1,1.4,1.5,1,721.9998390828433,221,4.018274941820969,0
PPO,randomized,1,1.4,1.5,2,723.8681929165073,221,4.033233220191874,0
PPO,randomized,1,1.4,1.5,3,727.3376546611732,223,4.045062947597738,0
PPO,randomized,1,1.4,1.5,4,708.143793471646,221,3.907473387492097,0
PPO,randomized,1,1.4,1.5,5,704.7738343941882,219,3.8964387961592406,0
PPO,randomized,1,1.4,1.5,6,726.6661694615071,222,4.047607666567154,0
PPO,randomized,1,1.4,1.5,7,715.7907455809575,222,3.9606382082333376,0
PPO,randomized,1,1.4,1.5,8,718.6667607336691,220,3.999590540620415,0
PPO,randomized,1,1.4,1.5,9,694.6463234385366,217,3.831395883186611,0
PPO,randomized,2,0.6,0.5,0,1209.3190625413297,340,6.965063040527664,0
PPO,randomized,2,0.6,0.5,1,987.0086052397863,288,5.602125480391148,0
PPO,randomized,2,0.6,0.5,2,1222.8821488574413,345,7.033601923801817,0
PPO,randomized,2,0.6,0.5,3,1131.7741991863313,320,6.50450174833296,0
PPO,randomized,2,0.6,0.5,4,977.2922913981216,285,5.548419140548191,0
PPO,randomized,2,0.6,0.5,5,990.7681078777763,294,5.584206917618538,0
PPO,randomized,2,0.6,0.5,6,1145.3173237960518,323,6.588873404491611,0
PPO,randomized,2,0.6,0.5,7,988.5295699278697,288,5.614298553980814,0
PPO,randomized,2,0.6,0.5,8,991.8082421262849,295,5.584542738247522,0
PPO,randomized,2,0.6,0.5,9,1229.7692743298933,348,7.064736276022392,0
PPO,randomized,2,0.6,0.75,0,2628.4589959057225,687,15.54495953783926,0
PPO,randomized,2,0.6,0.75,1,1889.506332934381,504,11.096009102765798,0
PPO,randomized,2,0.6,0.75,2,2649.080219283621,689,15.693956526917306,0
PPO,randomized,2,0.6,0.75,3,3529.8126443198857,943,20.709887647962596,0
PPO,randomized,2,0.6,0.75,4,2582.129857359083,666,15.342285300433327,0
PPO,randomized,2,0.6,0.75,5,3880.008731495122,1000,23.047186688207454,1
PPO,randomized,2,0.6,0.75,6,3782.739387640713,996,22.3095776147396,0
PPO,randomized,2,0.6,0.75,7,2446.2703448904153,639,14.471179406801575,0
PPO,randomized,2,0.6,0.75,8,3431.772060173025,912,20.173276865438208,0
PPO,randomized,2,0.6,0.75,9,2793.7254240162847,721,16.59525969766783,0
PPO,randomized,2,0.6,1.0,0,3642.7992417112864,1000,21.15168896157488,1
PPO,randomized,2,0.6,1.0,1,3645.8177211507787,1000,21.17580060520564,1
PPO,randomized,2,0.6,1.0,2,3644.763298692793,1000,21.167364297188385,1
PPO,randomized,2,0.6,1.0,3,3646.2562572031966,1000,21.179326508524262,1
PPO,randomized,2,0.6,1.0,4,3652.276577899834,1000,21.22749134342682,1
PPO,randomized,2,0.6,1.0,5,3642.288651529931,1000,21.147631068767826,1
PPO,randomized,2,0.6,1.0,6,3641.6501934107323,1000,21.142474387280206,1
PPO,randomized,2,0.6,1.0,7,3644.661884231369,1000,21.166581875004955,1
PPO,randomized,2,0.6,1.0,8,3637.005590083002,1000,21.105342543360877,1
PPO,randomized,2,0.6,1.0,9,3635.524453107889,1000,21.09345924423957,1
PPO,randomized,2,0.6,1.25,0,912.5317570456525,275,5.110692513697175,0
PPO,randomized,2,0.6,1.25,1,921.505252445291,275,5.182442079643032,0
PPO,randomized,2,0.6,1.25,2,903.111291629789,275,5.035338389966375,0
PPO,randomized,2,0.6,1.25,3,910.0875174458308,275,5.091133439043166,0
PPO,randomized,2,0.6,1.25,4,916.2401516871041,273,5.156265639748605,0
PPO,randomized,2,0.6,1.25,5,898.3387667849154,273,5.01315341497904,0
PPO,randomized,2,0.6,1.25,6,910.6086621024122,274,5.10324536527647,0
PPO,randomized,2,0.6,1.25,7,912.7050437984017,275,5.11209171136519,0
PPO,randomized,2,0.6,1.25,8,909.9962785386489,273,5.106343892328236,0
PPO,randomized,2,0.6,1.25,9,899.521906774849,272,5.030562866807412,0
PPO,randomized,2,0.6,1.5,0,464.41124597824114,162,2.4288698805839544,0
PPO,randomized,2,0.6,1.5,1,465.9626554813683,162,2.441273121000296,0
PPO,randomized,2,0.6,1.5,2,461.32981647855814,160,2.420188478359039,0
PPO,randomized,2,0.6,1.5,3,462.59943286542676,161,2.42235642286597,0
PPO,randomized,2,0.6,1.5,4,463.39255840054193,161,2.4286901350800107,0
PPO,randomized,2,0.6,1.5,5,462.63968587139294,161,2.4226840952285724,0
PPO,randomized,2,0.6,1.5,6,463.8455474801706,161,2.432315441414957,0
PPO,randomized,2,0.6,1.5,7,461.7048187541759,160,2.4231765730767445,0
PPO,randomized,2,0.6,1.5,8,462.3754251317241,160,2.4285275997817015,0
PPO,randomized,2,0.6,1.5,9,462.58765741569385,161,2.4222562669027186,0
PPO,randomized,2,0.8,0.5,0,613.0203248929017,200,3.3136727030097783,0
PPO,randomized,2,0.8,0.5,1,564.486646334956,190,3.005295946141054,0
PPO,randomized,2,0.8,0.5,2,570.0355864422042,191,3.041692003248392,0
PPO,randomized,2,0.8,0.5,3,571.6774917215686,191,3.054827896390643,0
PPO,randomized,2,0.8,0.5,4,603.2321794385354,198,3.251344574159247,0
PPO,randomized,2,0.8,0.5,5,562.7426334285664,189,2.999320095951871,0
PPO,randomized,2,0.8,0.5,6,561.2392666488248,189,2.987303126086093,0
PPO,randomized,2,0.8,0.5,7,601.7277967406593,198,3.2393039373744807,0
PPO,randomized,2,0.8,0.5,8,607.8053725182092,199,3.2799341628695675,0
PPO,randomized,2,0.8,0.5,9,608.0159617108956,199,3.28161479625929,0
PPO,randomized,2,0.8,0.75,0,1043.8330383517177,294,6.008933768353301,0
PPO,randomized,2,0.8,0.75,1,1047.888731483747,295,6.03335253861196,0
PPO,randomized,2,0.8,0.75,2,1042.0978284145542,293,6.003022016701481,0
PPO,randomized,2,0.8,0.75,3,1056.2929374060482,296,6.09258783054692,0
PPO,randomized,2,0.8,0.75,4,1049.8577254746094,295,6.049096590762449,0
PPO,randomized,2,0.8,0.75,5,1045.1604224761559,294,6.0195518118764335,0
PPO,randomized,2,0.8,0.75,6,1048.9118087384625,295,6.041529461042943,0
PPO,randomized,2,0.8,0.75,7,1045.4640455700512,295,6.0139766899336555,0
PPO,randomized,2,0.8,0.75,8,1038.2786664722985,292,5.9804737602323845,0
PPO,randomized,2,0.8,0.75,9,1058.5228262027356,297,6.102452742799495,0
PPO,randomized,2,0.8,1.0,0,3561.7904412438606,1000,20.503653082224407,1
PPO,randomized,2,0.8,1.0,1,3555.072391944884,1000,20.449902425030686,1
PPO,randomized,2,0.8,1.0,2,3543.139815859761,1000,20.35446366218736,1
PPO,randomized,2,0.8,1.0,3,3555.967961096848,1000,20.457125906763142,1
PPO,randomized,2,0.8,1.0,4,3553.8705459092353,1000,20.44030015694907,1
PPO,randomized,2,0.8,1.0,5,3546.447839697283,1000,20.380918211978532,1
PPO,randomized,2,0.8,1.0,6,3551.2644999053355,1000,20.41948428691351,1
PPO,randomized,2,0.8,1.0,7,3552.3434706719518,1000,20.428081925410755,1
PPO,randomized,2,0.8,1.0,8,3555.023211918875,1000,20.44954617284005,1
PPO,randomized,2,0.8,1.0,9,3555.980162622274,1000,20.457179287134238,1
PPO,randomized,2,0.8,1.25,0,906.0957526701648,270,5.099091135312186,0
PPO,randomized,2,0.8,1.25,1,892.2520804557804,269,4.99639197308516,0
PPO,randomized,2,0.8,1.25,2,897.4863939759135,268,5.046193088719459,0
PPO,randomized,2,0.8,1.25,3,900.4709951466059,268,5.07005926913553,0
PPO,randomized,2,0.8,1.25,4,892.2336081146639,268,5.004214210258096,0
PPO,randomized,2,0.8,1.25,5,890.3509851820487,269,4.981224090670354,0
PPO,randomized,2,0.8,1.25,6,902.4656191851433,268,5.086008877156835,0
PPO,randomized,2,0.8,1.25,7,895.2847896158925,269,5.020644679384615,0
PPO,randomized,2,0.8,1.25,8,903.3020461560645,270,5.0767408679013295,0
PPO,randomized,2,0.8,1.25,9,905.4204624776894,269,5.1016472990570625,0
PPO,randomized,2,0.8,1.5,0,460.9314266565515,160,2.4169751706569516,0
PPO,randomized,2,0.8,1.5,1,463.62743636230226,161,2.4305662216506803,0
PPO,randomized,2,0.8,1.5,2,463.85932816020744,161,2.432423712012673,0
PPO,randomized,2,0.8,1.5,3,461.22143796234946,160,2.419297231846906,0
PPO,randomized,2,0.8,1.5,4,461.8626870380018,160,2.4244281114186905,0
PPO,randomized,2,0.8,1.5,5,460.1455551465639,159,2.4186785256992622,0
PPO,randomized,2,0.8,1.5,6,461.66454345407254,160,2.422845140931751,0
PPO,randomized,2,0.8,1.5,7,459.7311801715538,159,2.41536210291937,0
PPO,randomized,2,0.8,1.5,8,458.90296179089705,159,2.4087326417695323,0
PPO,randomized,2,0.8,1.5,9,461.02171733915895,160,2.417698110605111,0
PPO,randomized,2,1.0,0.5,0,509.177684598062,176,2.6749180554061898,0
PPO,randomized,2,1.0,0.5,1,483.9821753919561,169,2.5293048600800647,0
PPO,randomized,2,1.0,0.5,2,505.09534022369525,175,2.6502376670269263,0
PPO,randomized,2,1.0,0.5,3,497.71702126566765,173,2.6072240542528773,0
PPO,randomized,2,1.0,0.5,4,480.74605086981774,168,2.5114167822321254,0
PPO,randomized,2,1.0,0.5,5,486.2125611248985,170,2.5391669624114663,0
PPO,randomized,2,1.0,0.5,6,510.727624886977,177,2.6793326227443788,0
PPO,randomized,2,1.0,0.5,7,502.3642693721584,174,2.6364197587466833,0
PPO,randomized,2,1.0,0.5,8,480.8582750571001,168,2.512323651352822,0
PPO,randomized,2,1.0,0.5,9,511.98569047404493,177,2.689363002948975,0
PPO,randomized,2,1.0,0.75,0,709.4805823717593,219,3.9335599415214237,0
PPO,randomized,2,1.0,0.75,1,729.4280880663362,224,4.053212753551738,0
PPO,randomized,2,1.0,0.75,2,719.916127511327,222,3.993077317638517,0
PPO,randomized,2,1.0,0.75,3,727.6068871146854,223,4.046621390695765,0
PPO,randomized,2,1.0,0.75,4,729.347709880985,224,4.052567741620982,0
PPO,randomized,2,1.0,0.75,5,727.0438221081121,223,4.042110668358786,0
PPO,randomized,2,1.0,0.75,6,726.7927557621703,223,4.040111702261579,0
PPO,randomized,2,1.0,0.75,7,709.5245244135194,219,3.933926969061961,0
PPO,randomized,2,1.0,0.75,8,732.9775698638413,225,4.073598731474844,0
PPO,randomized,2,1.0,0.75,9,733.7382369928598,225,4.079691824818552,0
PPO,randomized,2,1.0,1.0,0,1160.2086510474458,323,6.708234560689824,0
PPO,randomized,2,1.0,1.0,1,1221.8799590088242,338,7.081750735835011,0
PPO,randomized,2,1.0,1.0,2,1216.7396356902955,337,7.048627989630117,0
PPO,randomized,2,1.0,1.0,3,1187.3978404187915,329,6.877817825001041,0
PPO,randomized,2,1.0,1.0,4,1162.8602329694722,323,6.729452726107086,0
PPO,randomized,2,1.0,1.0,5,1172.4123578124459,325,6.7898777300955,0
PPO,randomized,2,1.0,1.0,6,1220.2987914817522,338,7.069118370767647,0
PPO,randomized,2,1.0,1.0,7,1224.1364725087126,338,7.099817058547149,0
PPO,randomized,2,1.0,1.0,8,1202.4951240244886,332,6.974626527083418,0
PPO,randomized,2,1.0,1.0,9,1165.9929355371419,324,6.746536660824535,0
PPO,randomized,2,1.0,1.25,0,1278.509186027932,344,7.486868889063363,0
PPO,randomized,2,1.0,1.25,1,1271.3258079358495,341,7.453365493896233,0
PPO,randomized,2,1.0,1.25,2,1257.0755749836162,339,7.355348335330893,0
PPO,randomized,2,1.0,1.25,3,1252.346606092723,337,7.333504484234748,0
PPO,randomized,2,1.0,1.25,4,1296.546086474121,349,7.5912190182509205,0
PPO,randomized,2,1.0,1.25,5,1344.1480792382583,358,7.900152509647159,0
PPO,randomized,2,1.0,1.25,6,1283.7259900188294,345,7.52062392074195,0
PPO,randomized,2,1.0,1.25,7,1249.8790023468637,336,7.321762965639759,0
PPO,randomized,2,1.0,1.25,8,1278.7570630616758,344,7.488834344508429,0
PPO,randomized,2,1.0,1.25,9,1291.9923572087698,346,7.57875031901096,0
PPO,randomized,2,1.0,1.5,0,488.83671179767765,164,2.6082498999743975,0
PPO,randomized,2,1.0,1.5,1,484.0937448485614,163,2.578274852347679,0
PPO,randomized,2,1.0,1.5,2,486.3187723348816,163,2.596088355498116,0
PPO,randomized,2,1.0,1.5,3,485.09170970812846,163,2.586279333781756,0
PPO,randomized,2,1.0,1.5,4,486.1336069855762,164,2.58663289177487,0
PPO,randomized,2,1.0,1.5,5,483.25888319741233,163,2.571635649368019,0
PPO,randomized,2,1.0,1.5,6,485.66888928635046,163,2.5908809877797916,0
PPO,randomized,2,1.0,1.5,7,487.85349446289183,164,2.600387121689848,0
PPO,randomized,2,1.0,1.5,8,483.6715188710212,162,2.582878398490174,0
PPO,randomized,2,1.0,1.5,9,491.7067987877771,164,2.6311843730529643,0
PPO,randomized,2,1.2,0.5,0,430.4115579098572,156,2.2046389626898106,0
PPO,randomized,2,1.2,0.5,1,444.7410720669312,160,2.287308421143978,0
PPO,randomized,2,1.2,0.5,2,440.00792713924346,159,2.2574356940562392,0
PPO,randomized,2,1.2,0.5,3,433.1965427696176,157,2.2189131569375,0
PPO,randomized,2,1.2,0.5,4,447.06721587540227,161,2.297938224272555,0
PPO,randomized,2,1.2,0.5,5,437.6387306185002,158,2.24647311214334,0
PPO,randomized,2,1.2,0.5,6,435.731117299422,158,2.2312286180028345,0
PPO,randomized,2,1.2,0.5,7,437.59388187935934,158,2.246111747113576,0
PPO,randomized,2,1.2,0.5,8,431.5235061973235,156,2.2135109697266464,0
PPO,randomized,2,1.2,0.5,9,434.35495135433916,157,2.2281967873559108,0
PPO,randomized,2,1.2,0.75,0,674.4275334938452,220,3.6452120934184387,0
PPO,randomized,2,1.2,0.75,1,660.0087159938225,216,3.5618200249963383,0
PPO,randomized,2,1.2,0.75,2,679.0003340378264,221,3.6738017940454863,0
PPO,randomized,2,1.2,0.75,3,673.9297294305803,220,3.6411935473127763,0
PPO,randomized,2,1.2,0.75,4,660.1113287181021,215,3.57061343281252,0
PPO,randomized,2,1.2,0.75,5,680.5671412346172,221,3.6863131140882968,0
PPO,randomized,2,1.2,0.75,6,676.052375467823,220,3.6581995802415417,0
PPO,randomized,2,1.2,0.75,7,688.7552781562079,224,3.7278631219944476,0
PPO,randomized,2,1.2,0.75,8,664.1429887392455,216,3.594869947430135,0
PPO,randomized,2,1.2,0.75,9,661.8051803150424,216,3.576185485459089,0
PPO,randomized,2,1.2,1.0,0,932.2681444395043,280,5.2283877100263325,0
PPO,randomized,2,1.2,1.0,1,943.0445209783652,281,5.306569960810887,0
PPO,randomized,2,1.2,1.0,2,939.4824884937952,282,5.270051807638744,0
PPO,randomized,2,1.2,1.0,3,959.6315740988896,288,5.383303989974457,0
PPO,randomized,2,1.2,1.0,4,941.6688718592028,284,5.2715534361674,0
PPO,randomized,2,1.2,1.0,5,946.2705441646575,283,5.316383550662167,0
PPO,randomized,2,1.2,1.0,6,916.496058420881,276,5.13420098210393,0
PPO,randomized,2,1.2,1.0,7,934.1931594725623,281,5.235710850176801,0
PPO,randomized,2,1.2,1.0,8,936.6517049101146,282,5.247399042150721,0
PPO,randomized,2,1.2,1.0,9,912.6324256747458,275,5.111291052145563,0
PPO,randomized,2,1.2,1.25,0,1247.7916106107293,348,7.209194843063724,0
PPO,randomized,2,1.2,1.25,1,1245.9899217619286,347,7.202757580561869,0
PPO,randomized,2,1.2,1.25,2,1127.3341901258416,316,6.501166225486282,0
PPO,randomized,2,1.2,1.25,3,1159.3714959933272,324,6.693529405238756,0
PPO,randomized,2,1.2,1.25,4,1248.7585023747768,349,7.208941942131096,0
PPO,randomized,2,1.2,1.25,5,1184.2297399692186,330,6.844474883773409,0
PPO,randomized,2,1.2,1.25,6,1193.4563088253267,332,6.9023272745705535,0
PPO,randomized,2,1.2,1.25,7,1227.9448798133863,343,7.090362815846758,0
PPO,randomized,2,1.2,1.25,8,1216.5906861988572,339,7.0314758724575555,0
PPO,randomized,2,1.2,1.25,9,1187.0296731332915,330,6.866847977995758,0
PPO,randomized,2,1.2,1.5,0,517.4449129035094,170,2.789097507654231,0
PPO,randomized,2,1.2,1.5,1,518.9720023844179,171,2.793346647608097,0
PPO,randomized,2,1.2,1.5,2,528.4817142609168,173,2.853473188475082,0
PPO,randomized,2,1.2,1.5,3,511.2086655021808,169,2.747261551505489,0
PPO,randomized,2,1.2,1.5,4,515.6293000814517,170,2.7746228917637383,0
PPO,randomized,2,1.2,1.5,5,524.9080733903542,172,2.83287490489698,0
PPO,randomized,2,1.2,1.5,6,520.7826793324128,171,2.8078580323040376,0
PPO,randomized,2,1.2,1.5,7,521.2979130830889,170,2.819880032106138,0
PPO,randomized,2,1.2,1.5,8,525.1807412482435,171,2.843000845144891,0
PPO,randomized,2,1.2,1.5,9,526.2835339234779,172,2.8438737278173702,0
PPO,randomized,2,1.4,0.5,0,357.6128939240785,136,1.7820566071142934,0
PPO,randomized,2,1.4,0.5,1,357.96567440646845,136,1.784886422573615,0
PPO,randomized,2,1.4,0.5,2,360.42010143771705,137,1.7965170746547916,0
PPO,randomized,2,1.4,0.5,3,363.5220449536687,138,1.8133524300457835,0
PPO,randomized,2,1.4,0.5,4,371.96531560631894,140,1.8649177779310953,0
PPO,randomized,2,1.4,0.5,5,363.63641636493816,138,1.8142589805476632,0
PPO,randomized,2,1.4,0.5,6,372.26725861356806,140,1.867322539248775,0
PPO,randomized,2,1.4,0.5,7,366.00110813774927,138,1.833169956603964,0
PPO,randomized,2,1.4,0.5,8,367.3723673388603,139,1.8361646320157519,0
PPO,randomized,2,1.4,0.5,9,363.9727520190498,138,1.8169561145889586,0
PPO,randomized,2,1.4,0.75,0,504.52392792368147,175,2.6457433264101025,0
PPO,randomized,2,1.4,0.75,1,519.3811454583462,180,2.7246431825312887,0
PPO,randomized,2,1.4,0.75,2,503.47175586046876,175,2.6373328660405306,0
PPO,randomized,2,1.4,0.75,3,505.1186269004151,176,2.6425173107794806,0
PPO,randomized,2,1.4,0.75,4,509.21664513755826,177,2.667308408739761,0
PPO,randomized,2,1.4,0.75,5,505.6009059243086,176,2.646366751053854,0
PPO,randomized,2,1.4,0.75,6,506.62695842715476,176,2.6545730728241383,0
PPO,randomized,2,1.4,0.75,7,501.35322655232795,175,2.620389076173319,0
PPO,randomized,2,1.4,0.75,8,511.8779161180639,178,2.6806009903658516,0
PPO,randomized,2,1.4,0.75,9,506.70359582110086,176,2.6551929356633424,0
PPO,randomized,2,1.4,1.0,0,686.3928769919693,218,3.7569124862493566,0
PPO,randomized,2,1.4,1.0,1,681.0156238584049,216,3.7298743345481977,0
PPO,randomized,2,1.4,1.0,2,701.93125481949,222,3.8492557157592704,0
PPO,randomized,2,1.4,1.0,3,697.4094198407546,220,3.8290559061444536,0
PPO,randomized,2,1.4,1.0,4,697.0328311005964,220,3.826042003867131,0
PPO,randomized,2,1.4,1.0,5,676.6447523668206,215,3.7028873822500734,0
PPO,randomized,2,1.4,1.0,6,688.9625995573736,218,3.777464716837328,0
PPO,randomized,2,1.4,1.0,7,682.5196865871691,217,3.7339170556174515,0
PPO,randomized,2,1.4,1.0,8,675.2214923021788,215,3.691505927224218,0
PPO,randomized,2,1.4,1.0,9,710.581674498939,224,3.902478998387559,0
PPO,randomized,2,1.4,1.25,0,808.3618316235194,242,4.540880965025668,0
PPO,randomized,2,1.4,1.25,1,816.1516190936917,246,4.571271239847067,0
PPO,randomized,2,1.4,1.25,2,828.2196110971481,250,4.635878421351256,0
PPO,randomized,2,1.4,1.25,3,824.2959884108096,248,4.620465285319326,0
PPO,randomized,2,1.4,1.25,4,824.7334011899887,249,4.615957461456734,0
PPO,randomized,2,1.4,1.25,5,819.5092310891721,246,4.598118906722919,0
PPO,randomized,2,1.4,1.25,6,821.7889008742525,247,4.608372031095603,0
PPO,randomized,2,1.4,1.25,7,816.7642544612291,246,4.576151668437263,0
PPO,randomized,2,1.4,1.25,8,818.0392525549664,246,4.586360156707856,0
PPO,randomized,2,1.4,1.25,9,818.7190999864547,246,4.591788863056423,0
PPO,randomized,2,1.4,1.5,0,585.4661731198669,186,3.2054186568410636,0
PPO,randomized,2,1.4,1.5,1,582.2744020463646,184,3.1959167502214054,0
PPO,randomized,2,1.4,1.5,2,583.5198744621717,185,3.1978895285750806,0
PPO,randomized,2,1.4,1.5,3,581.0966012960513,184,3.1864369569401134,0
PPO,randomized,2,1.4,1.5,4,585.3360797658493,186,3.204372451264858,0
PPO,randomized,2,1.4,1.5,5,592.4198689577349,187,3.2531176654835634,0
PPO,randomized,2,1.4,1.5,6,592.7530501368196,187,3.2557821478425204,0
PPO,randomized,2,1.4,1.5,7,589.5772751999646,187,3.2303274560881245,0
PPO,randomized,2,1.4,1.5,8,588.1741104491439,186,3.2271375944139082,0
PPO,randomized,2,1.4,1.5,9,585.525181687201,185,3.2139379063462075,0
SAC,nominal,0,0.6,0.5,0,801.5546703950326,257,4.365936275098378,0
SAC,nominal,0,0.6,0.5,1,799.1633639057401,255,4.36281616319685,0
SAC,nominal,0,0.6,0.5,2,700.7486799492794,225,3.815325776806626,0
SAC,nominal,0,0.6,0.5,3,638.9610557259106,209,3.4489155819880053,0
SAC,nominal,0,0.6,0.5,4,698.0344796143537,224,3.8016192675545026,0
SAC,nominal,0,0.6,0.5,5,666.7225342946458,215,3.623045315649914,0
SAC,nominal,0,0.6,0.5,6,774.2682061256353,248,4.219621529664171,0
SAC,nominal,0,0.6,0.5,7,819.7863583907546,266,4.43987291208255,0
SAC,nominal,0,0.6,0.5,8,718.670221584178,230,3.918714008972782,0
SAC,nominal,0,0.6,0.5,9,688.3763497228288,221,3.7483525074591104,0
SAC,nominal,0,0.6,0.75,0,2198.053324323868,657,12.339829693392277,0
SAC,nominal,0,0.6,0.75,1,2840.840111358448,856,15.890832995678764,0
SAC,nominal,0,0.6,0.75,2,1422.4461239370685,438,7.885859183429959,0
SAC,nominal,0,0.6,0.75,3,3173.4791713916316,1000,17.392269218208963,1
SAC,nominal,0,0.6,0.75,4,3077.001928736848,931,17.180341298394662,0
SAC,nominal,0,0.6,0.75,5,1418.9305338327315,457,7.705610914743258,0
SAC,nominal,0,0.6,0.75,6,2908.2839165101336,856,16.430456054462585,0
SAC,nominal,0,0.6,0.75,7,2468.7451119012476,745,13.801940112545159,0
SAC,nominal,0,0.6,0.75,8,3181.5073174223626,1000,17.456265914048867,1
SAC,nominal,0,0.6,0.75,9,3154.5976592127686,1000,17.24082384180296,1
SAC,nominal,0,0.6,1.0,0,1446.892002026479,441,8.057534955367691,0
SAC,nominal,0,0.6,1.0,1,1441.693024500308,442,8.007812627532639,0
SAC,nominal,0,0.6,1.0,2,1402.97529368261,437,7.738110153834737,0
SAC,nominal,0,0.6,1.0,3,1353.051610274959,413,7.530423732599925,0
SAC,nominal,0,0.6,1.0,4,1439.1775773050963,442,7.98768564628758,0
SAC,nominal,0,0.6,1.0,5,1403.0633207176338,427,7.8185982445365525,0
SAC,nominal,0,0.6,1.0,6,2089.3513104794633,607,11.869816610377866,0
SAC,nominal,0,0.6,1.0,7,1500.2100932855608,452,8.395782551797305,0
SAC,nominal,0,0.6,1.0,8,1438.0501335221177,440,7.994690821947246,0
SAC,nominal,0,0.6,1.0,9,2544.143400975761,772,14.188640356181693,0
SAC,nominal,0,0.6,1.25,0,673.7616306335442,233,3.535676860276822,0
SAC,nominal,0,0.6,1.25,1,693.3868071408244,244,3.604811687177185,0
SAC,nominal,0,0.6,1.25,2,656.7408905115204,225,3.4634617746463827,0
SAC,nominal,0,0.6,1.25,3,685.8916504072174,241,3.5688185625665945,0
SAC,nominal,0,0.6,1.25,4,714.6434255529662,250,3.726924254480798,0
SAC,nominal,0,0.6,1.25,5,646.3942354170848,221,3.412742604232747,0
SAC,nominal,0,0.6,1.25,6,680.3581863680813,239,3.540589153968351,0
SAC,nominal,0,0.6,1.25,7,652.6759476245362,224,3.438976265342816,0
SAC,nominal,0,0.6,1.25,8,665.5456240071505,228,3.5099094525821637,0
SAC,nominal,0,0.6,1.25,9,707.4724443834389,248,3.6855206379930103,0
SAC,nominal,0,0.6,1.5,0,405.9886489278332,158,1.993284950197091,0
SAC,nominal,0,0.6,1.5,1,404.6896559038026,157,1.990823183902147,0
SAC,nominal,0,0.6,1.5,2,400.6613303918778,155,1.9745751354208434,0
SAC,nominal,0,0.6,1.5,3,403.06816953717686,156,1.985856107488086,0
SAC,nominal,0,0.6,1.5,4,404.36127853563414,157,1.988218103863348,0
SAC,nominal,0,0.6,1.5,5,402.94341398697645,156,1.9848342230268898,0
SAC,nominal,0,0.6,1.5,6,403.010646690261,156,1.9853839919637988,0
SAC,nominal,0,0.6,1.5,7,401.24693884757806,155,1.9792087955852589,0
SAC,nominal,0,0.6,1.5,8,401.5164786944207,155,1.981404397399907,0
SAC,nominal,0,0.6,1.5,9,402.86594654927757,156,1.9842333423847132,0
SAC,nominal,0,0.8,0.5,0,637.9238539787302,213,3.408655095014525,0
SAC,nominal,0,0.8,0.5,1,675.4466935743181,224,3.620942035636376,0
SAC,nominal,0,0.8,0.5,2,661.4095271107687,221,3.5326235380290827,0
SAC,nominal,0,0.8,0.5,3,637.0072580639161,213,3.4013185273574367,0
SAC,nominal,0,0.8,0.5,4,624.9423394068077,211,3.32079318892146,0
SAC,nominal,0,0.8,0.5,5,633.2391350624647,212,3.379153504394581,0
SAC,nominal,0,0.8,0.5,6,634.1345899666753,214,3.370358398013007,0
SAC,nominal,0,0.8,0.5,7,622.8337962925787,210,3.311879908047356,0
SAC,nominal,0,0.8,0.5,8,689.930289177027,227,3.71282200312382,0
SAC,nominal,0,0.8,0.5,9,629.0997324507953,211,3.3540253364705555,0
SAC,nominal,0,0.8,0.75,0,3113.036900351202,1000,16.90839912100562,1
SAC,nominal,0,0.8,0.75,1,3130.1560999350513,1000,17.04549226189061,1
SAC,nominal,0,0.8,0.75,2,3130.1438057437663,1000,17.04539970342917,1
SAC,nominal,0,0.8,0.75,3,3131.315383660924,1000,17.054781254201846,1
SAC,nominal,0,0.8,0.75,4,3138.201219396483,1000,17.10976783540009,1
SAC,nominal,0,0.8,0.75,5,3115.946573939371,1000,16.93186884338561,1
SAC,nominal,0,0.8,0.75,6,3127.5733612261984,1000,17.024875846551623,1
SAC,nominal,0,0.8,0.75,7,3126.920649252981,1000,17.01962989560519,1
SAC,nominal,0,0.8,0.75,8,3118.0989991591914,1000,16.949095726296658,1
SAC,nominal,0,0.8,0.75,9,1333.5900483944795,422,7.303245571361774,0
SAC,nominal,0,0.8,1.0,0,3254.256483894592,1000,18.038335039294594,1
SAC,nominal,0,0.8,1.0,1,2368.6547714924495,705,13.32058461854648,0
SAC,nominal,0,0.8,1.0,2,3287.74256809966,1000,18.306335691094763,1
SAC,nominal,0,0.8,1.0,3,3278.695973054701,1000,18.23393159016216,1
SAC,nominal,0,0.8,1.0,4,3311.673880151697,1000,18.497657643723624,1
SAC,nominal,0,0.8,1.0,5,3278.489086806331,1000,18.232399167098258,1
SAC,nominal,0,0.8,1.0,6,3309.5151325742113,1000,18.48031957302158,1
SAC,nominal,0,0.8,1.0,7,3305.7338441291267,1000,18.45005570717891,1
SAC,nominal,0,0.8,1.0,8,3256.483399371406,1000,18.056318124323916,1
SAC,nominal,0,0.8,1.0,9,3277.855127010007,1000,18.227220577183584,1
SAC,nominal,0,0.8,1.25,0,977.0976584677899,328,5.202773731607553,0
SAC,nominal,0,0.8,1.25,1,970.9436612986839,327,5.161549097465297,0
SAC,nominal,0,0.8,1.25,2,891.6130421755217,299,4.75044724537217,0
SAC,nominal,0,0.8,1.25,3,692.5559900659839,242,3.6140378372878255,0
SAC,nominal,0,0.8,1.25,4,906.6018672504787,285,4.982266939448459,0
SAC,nominal,0,0.8,1.25,5,853.7125845857763,288,4.535185434709119,0
SAC,nominal,0,0.8,1.25,6,679.3794011377877,236,3.5566170365800085,0
SAC,nominal,0,0.8,1.25,7,891.7749059928507,295,4.783657654610646,0
SAC,nominal,0,0.8,1.25,8,982.5215444773121,332,5.214144679947626,0
SAC,nominal,0,0.8,1.25,9,809.5218637447523,272,4.309623168919021,0
SAC,nominal,0,0.8,1.5,0,400.3156355109409,155,1.9718308476096307,0
SAC,nominal,0,0.8,1.5,1,400.25472031959436,155,1.9713463539774545,0
SAC,nominal,0,0.8,1.5,2,402.6742841160798,156,1.9827071953446196,0
SAC,nominal,0,0.8,1.5,3,400.84160798855817,155,1.9760591928421762,0
SAC,nominal,0,0.8,1.5,4,398.2954391481263,154,1.9636411291640372,0
SAC,nominal,0,0.8,1.5,5,398.92817586485734,154,1.968701818649391,0
SAC,nominal,0,0.8,1.5,6,397.7813059199563,154,1.959529432842371,0
SAC,nominal,0,0.8,1.5,7,399.42540015977283,154,1.972627382497488,0
SAC,nominal,0,0.8,1.5,8,398.4424754301363,154,1.9647934173786614,0
SAC,nominal,0,0.8,1.5,9,400.5857748396897,155,1.9740025725982624,0
SAC,nominal,0,1.0,0.5,0,531.2762272845032,191,2.7313866722069147,0
SAC,nominal,0,1.0,0.5,1,531.7168112497382,193,2.7189176272147613,0
SAC,nominal,0,1.0,0.5,2,552.6219994713433,201,2.8221802679511994,0
SAC,nominal,0,1.0,0.5,3,547.6665769127708,198,2.8065209296988036,0
SAC,nominal,0,1.0,0.5,4,545.1758790902624,198,2.786619515634007,0
SAC,nominal,0,1.0,0.5,5,554.4136429074373,201,2.8365418389518444,0
SAC,nominal,0,1.0,0.5,6,569.6948441454648,205,2.9268846451634722,0
SAC,nominal,0,1.0,0.5,7,550.0574987602276,199,2.817623256652748,0
SAC,nominal,0,1.0,0.5,8,544.8750461115544,197,2.7921773243707624,0
SAC,nominal,0,1.0,0.5,9,551.6131594568318,200,2.8221024398959025,0
SAC,nominal,0,1.0,0.75,0,3086.8207562241173,1000,16.69914487897388,1
SAC,nominal,0,1.0,0.75,1,3101.486021382326,1000,16.816529711420962,1
SAC,nominal,0,1.0,0.75,2,3108.176610676687,1000,16.870200419663778,1
SAC,nominal,0,1.0,0.75,3,3101.400269113018,1000,16.815914436111754,1
SAC,nominal,0,1.0,0.75,4,3106.068378776052,1000,16.853235455933017,1
SAC,nominal,0,1.0,0.75,5,3091.38666639844,1000,16.735823402833784,1
SAC,nominal,0,1.0,0.75,6,3108.4011155360695,1000,16.871868704523123,1
SAC,nominal,0,1.0,0.75,7,3091.3690988220305,1000,16.73564244221061,1
SAC,nominal,0,1.0,0.75,8,3113.5981286573938,1000,16.913479659326956,1
SAC,nominal,0,1.0,0.75,9,3108.343164434996,1000,16.871434852401034,1
SAC,nominal,0,1.0,1.0,0,3343.507094445468,1000,18.752001913128908,1
SAC,nominal,0,1.0,1.0,1,3342.8972155793235,1000,18.74711519521931,1
SAC,nominal,0,1.0,1.0,2,3338.178154587788,1000,18.70944839657956,1
SAC,nominal,0,1.0,1.0,3,3348.855585619573,1000,18.794756609070134,1
SAC,nominal,0,1.0,1.0,4,3350.3961487506294,1000,18.807061673422776,1
SAC,nominal,0,1.0,1.0,5,3338.1172344656266,1000,18.708921215957304,1
SAC,nominal,0,1.0,1.0,6,3341.3437544746553,1000,18.734612909076315,1
SAC,nominal,0,1.0,1.0,7,3348.1608223484955,1000,18.78919357764581,1
SAC,nominal,0,1.0,1.0,8,3335.953262850657,1000,18.6915118155002,1
SAC,nominal,0,1.0,1.0,9,3329.2854627747347,1000,18.63826187355325,1
SAC,nominal,0,1.0,1.25,0,892.3703123630833,275,4.948476996360062,0
SAC,nominal,0,1.0,1.25,1,782.7669865664932,252,4.255404489779848,0
SAC,nominal,0,1.0,1.25,2,846.4493936321954,264,4.669044393705074,0
SAC,nominal,0,1.0,1.25,3,827.5781756120118,260,4.550037246330757,0
SAC,nominal,0,1.0,1.25,4,866.8285919771057,269,4.792068340279666,0
SAC,nominal,0,1.0,1.25,5,870.7854871644856,266,4.847718340745469,0
SAC,nominal,0,1.0,1.25,6,783.8776362701664,253,4.256304971010335,0
SAC,nominal,0,1.0,1.25,7,850.3982573568824,264,4.700599119367129,0
SAC,nominal,0,1.0,1.25,8,784.3927388287593,253,4.260377000093834,0
SAC,nominal,0,1.0,1.25,9,913.9494671603635,281,5.0731536507384805,0
SAC,nominal,0,1.0,1.5,0,401.7453827305427,154,1.9911729923285144,0
SAC,nominal,0,1.0,1.5,1,399.9116403563746,154,1.9764927173584395,0
SAC,nominal,0,1.0,1.5,2,399.138091674279,153,1.978323726300903,0
SAC,nominal,0,1.0,1.5,3,399.2949076930415,153,1.979522954703799,0
SAC,nominal,0,1.0,1.5,4,400.6795180931218,154,1.9826427224022136,0
SAC,nominal,0,1.0,1.5,5,401.0395747420717,154,1.9855096699593906,0
SAC,nominal,0,1.0,1.5,6,402.0564595070601,154,1.9936363308897376,0
SAC,nominal,0,1.0,1.5,7,400.86960402144274,154,1.9841767401813917,0
SAC,nominal,0,1.0,1.5,8,400.7643195359892,153,1.991318681193849,0
SAC,nominal,0,1.0,1.5,9,398.9026626259814,153,1.9764310527967959,0
SAC,nominal,0,1.2,0.5,0,520.6941766773548,189,2.662749249087496,0
SAC,nominal,0,1.2,0.5,1,511.15839291952415,187,2.6024447998750104,0
SAC,nominal,0,1.2,0.5,2,493.3341819355913,179,2.5238444293661018,0
SAC,nominal,0,1.2,0.5,3,504.05114861869924,185,2.561546904775576,0
SAC,nominal,0,1.2,0.5,4,503.3664598424151,183,2.572049025704656,0
SAC,nominal,0,1.2,0.5,5,503.86953037201215,184,2.5681259223823556,0
SAC,nominal,0,1.2,0.5,6,505.8386490208534,184,2.5838780814923985,0
SAC,nominal,0,1.2,0.5,7,508.8322651568413,186,2.5918017196157295,0
SAC,nominal,0,1.2,0.5,8,503.150354340148,184,2.562318132983013,0
SAC,nominal,0,1.2,0.5,9,506.79312758223284,185,2.58350492197855,0
SAC,nominal,0,1.2,0.75,0,732.0238405826323,239,3.9536608867876146,0
SAC,nominal,0,1.2,0.75,1,716.0694701560175,235,3.857972677917036,0
SAC,nominal,0,1.2,0.75,2,768.9612009922158,256,4.113208376160561,0
SAC,nominal,0,1.2,0.75,3,983.7367692084091,322,5.303890236884071,0
SAC,nominal,0,1.2,0.75,4,752.6883570359761,249,4.0390259446913515,0
SAC,nominal,0,1.2,0.75,5,915.0803986983633,302,4.914525054550195,0
SAC,nominal,0,1.2,0.75,6,995.7907997873149,328,5.3523678250061595,0
SAC,nominal,0,1.2,0.75,7,733.5910316323084,241,3.9502255451302215,0
SAC,nominal,0,1.2,0.75,8,756.7898542944928,250,4.0638352541041,0
SAC,nominal,0,1.2,0.75,9,921.2157671370876,302,4.963597522786868,0
SAC,nominal,0,1.2,1.0,0,3334.0286112410486,1000,18.676646958221372,1
SAC,nominal,0,1.2,1.0,1,3325.9852000033734,1000,18.61225375621498,1
SAC,nominal,0,1.2,1.0,2,3329.042767887345,1000,18.63672205336411,1
SAC,nominal,0,1.2,1.0,3,3331.5950808714306,1000,18.65718560561323,1
SAC,nominal,0,1.2,1.0,4,3334.552140532127,1000,18.680841716303625,1
SAC,nominal,0,1.2,1.0,5,3325.45974093273,1000,18.608139847683788,1
SAC,nominal,0,1.2,1.0,6,3330.0167833919536,1000,18.644572357626917,1
SAC,nominal,0,1.2,1.0,7,3327.3999719103363,1000,18.623651514820615,1
SAC,nominal,0,1.2,1.0,8,3329.0576931749774,1000,18.63694177417437,1
SAC,nominal,0,1.2,1.0,9,3325.6939670621337,1000,18.609934860371986,1
SAC,nominal,0,1.2,1.25,0,1028.4436391798283,304,5.8055059057700324,0
SAC,nominal,0,1.2,1.25,1,937.8697042965265,281,5.2645067325687425,0
SAC,nominal,0,1.2,1.25,2,999.1047961123799,296,5.634834528064762,0
SAC,nominal,0,1.2,1.25,3,985.3485673016384,292,5.556715968196836,0
SAC,nominal,0,1.2,1.25,4,987.7830423936953,294,5.560208314962611,0
SAC,nominal,0,1.2,1.25,5,1001.4611911168503,297,5.645663167668285,0
SAC,nominal,0,1.2,1.25,6,954.1802864915913,279,5.411148566072281,0
SAC,nominal,0,1.2,1.25,7,971.9727875908566,289,5.47338994085093,0
SAC,nominal,0,1.2,1.25,8,901.1134944089945,276,5.010386949749492,0
SAC,nominal,0,1.2,1.25,9,978.2726860097589,291,5.508088596194453,0
SAC,nominal,0,1.2,1.5,0,405.13549041442616,154,2.01820463480225,0
SAC,nominal,0,1.2,1.5,1,407.12503395576044,155,2.0262166718299084,0
SAC,nominal,0,1.2,1.5,2,405.1821603913586,155,2.0106471618063493,0
SAC,nominal,0,1.2,1.5,3,404.20031460573307,154,2.0107091485113413,0
SAC,nominal,0,1.2,1.5,4,404.92091734911133,154,2.0164943326464373,0
SAC,nominal,0,1.2,1.5,5,404.6731067673504,154,2.0145427592530236,0
SAC,nominal,0,1.2,1.5,6,404.51747403027724,154,2.0133248218507793,0
SAC,nominal,0,1.2,1.5,7,403.213549114649,153,2.0108537888363,0
SAC,nominal,0,1.2,1.5,8,402.461279230022,153,2.004855919382947,0
SAC,nominal,0,1.2,1.5,9,404.2668227001216,154,2.0112915482228666,0
SAC,nominal,0,1.4,0.5,0,479.5614288501063,175,2.445624650391075,0
SAC,nominal,0,1.4,0.5,1,476.32219019038837,176,2.4116838570357224,0
SAC,nominal,0,1.4,0.5,2,488.83156035819417,179,2.4877778487522284,0
SAC,nominal,0,1.4,0.5,3,491.27794169262313,180,2.4993620037556843,0
SAC,nominal,0,1.4,0.5,4,486.8662370342966,179,2.472039278903277,0
SAC,nominal,0,1.4,0.5,5,485.0628204163995,178,2.4656381566261265,0
SAC,nominal,0,1.4,0.5,6,488.57447862989034,180,2.477735490504839,0
SAC,nominal,0,1.4,0.5,7,477.52352171837634,174,2.437290140752229,0
SAC,nominal,0,1.4,0.5,8,491.71871427477186,180,2.502884455887891,0
SAC,nominal,0,1.4,0.5,9,484.95398863051156,179,2.456762151296634,0
SAC,nominal,0,1.4,0.75,0,565.9212582141844,201,2.928585671364281,0
SAC,nominal,0,1.4,0.75,1,560.6266940497276,200,2.894228463256703,0
SAC,nominal,0,1.4,0.75,2,558.4733788902818,199,2.884972776853678,0
SAC,nominal,0,1.4,0.75,3,541.2328609534991,193,2.795008790008194,0
SAC,nominal,0,1.4,0.75,4,555.7416179655278,198,2.871110611217903,0
SAC,nominal,0,1.4,0.75,5,607.2445765078481,214,3.155299727276525,0
SAC,nominal,0,1.4,0.75,6,573.8998959908589,204,2.968468945200006,0
SAC,nominal,0,1.4,0.75,7,575.7313843662027,205,2.975133997417226,0
SAC,nominal,0,1.4,0.75,8,566.7111119573755,202,2.9269395756601653,0
SAC,nominal,0,1.4,0.75,9,598.6909180045895,212,3.102829732612682,0
SAC,nominal,0,1.4,1.0,0,911.0463811946469,289,4.986247653469004,0
SAC,nominal,0,1.4,1.0,1,890.0516096991195,282,4.874234384624202,0
SAC,nominal,0,1.4,1.0,2,869.583044974776,276,4.758399431395659,0
SAC,nominal,0,1.4,1.0,3,1419.7212834272577,438,7.864489887104253,0
SAC,nominal,0,1.4,1.0,4,1406.0205792408099,437,7.762856274275359,0
SAC,nominal,0,1.4,1.0,5,1044.9762647487412,325,5.769850758946137,0
SAC,nominal,0,1.4,1.0,6,866.805524029515,275,4.744176858474726,0
SAC,nominal,0,1.4,1.0,7,904.0630023078661,288,4.938324712840071,0
SAC,nominal,0,1.4,1.0,8,889.2036414382806,282,4.867510470637115,0
SAC,nominal,0,1.4,1.0,9,870.4207990412197,276,4.765097872205787,0
SAC,nominal,0,1.4,1.25,0,991.4298872638537,302,5.5253288362705675,0
SAC,nominal,0,1.4,1.25,1,880.1458226071043,273,4.866722286575439,0
SAC,nominal,0,1.4,1.25,2,942.9913353687016,288,5.249898173227749,0
SAC,nominal,0,1.4,1.25,3,955.0866733459701,292,5.314685554746266,0
SAC,nominal,0,1.4,1.25,4,929.4109044297422,287,5.149096816935754,0
SAC,nominal,0,1.4,1.25,5,888.2934690805968,276,4.907950311670963,0
SAC,nominal,0,1.4,1.25,6,935.7605092007218,289,5.183883386667741,0
SAC,nominal,0,1.4,1.25,7,991.5782315544014,303,5.518492628524312,0
SAC,nominal,0,1.4,1.25,8,1025.5754447779423,311,5.726531975298439,0
SAC,nominal,0,1.4,1.25,9,871.8156186787563,270,4.824095778624992,0
SAC,nominal,0,1.4,1.5,0,407.000498550964,153,2.0411668416463096,0
SAC,nominal,0,1.4,1.5,1,405.861414332644,152,2.040058731827056,0
SAC,nominal,0,1.4,1.5,2,409.7290556498395,153,2.063003688322321,0
SAC,nominal,0,1.4,1.5,3,408.7100289343265,153,2.054856532849289,0
SAC,nominal,0,1.4,1.5,4,407.07228081547953,153,2.041735528152857,0
SAC,nominal,0,1.4,1.5,5,410.0573364148208,154,2.0576437538968477,0
SAC,nominal,0,1.4,1.5,6,407.3561679919914,153,2.044041341836124,0
SAC,nominal,0,1.4,1.5,7,409.6342207127577,154,2.0542252396693375,0
SAC,nominal,0,1.4,1.5,8,405.2443625687598,152,2.0351318680927126,0
SAC,nominal,0,1.4,1.5,9,409.7245017586329,153,2.062983000703797,0
SAC,nominal,1,0.6,0.5,0,672.6521497320596,217,3.6549920107178897,0
SAC,nominal,1,0.6,0.5,1,739.6242593689233,236,4.038748029023675,0
SAC,nominal,1,0.6,0.5,2,745.437024327702,246,4.005153140025003,0
SAC,nominal,1,0.6,0.5,3,720.1703570149343,233,3.9072817123362897,0
SAC,nominal,1,0.6,0.5,4,542.3350035438236,185,2.868201809627879,0
SAC,nominal,1,0.6,0.5,5,725.4187409462006,228,3.989214267381043,0
SAC,nominal,1,0.6,0.5,6,553.2844759279286,188,2.9318720369432127,0
SAC,nominal,1,0.6,0.5,7,723.9836456605375,232,3.945864390023839,0
SAC,nominal,1,0.6,0.5,8,744.910011040081,239,4.0570419972183736,0
SAC,nominal,1,0.6,0.5,9,855.8130559334604,298,4.472939774265955,0
SAC,nominal,1,0.6,0.75,0,1325.8909570340018,402,7.401669964361373,0
SAC,nominal,1,0.6,0.75,1,1377.32619830321,423,7.645502949133883,0
SAC,nominal,1,0.6,0.75,2,3073.4574954154687,1000,16.59362763491096,1
SAC,nominal,1,0.6,0.75,3,1987.306545065493,627,10.894943110266706,0
SAC,nominal,1,0.6,0.75,4,1438.7133921227937,450,7.92105427547239,0
SAC,nominal,1,0.6,0.75,5,1534.109546558696,469,8.532032429976065,0
SAC,nominal,1,0.6,0.75,6,1634.5838597529043,504,9.055785998674008,0
SAC,nominal,1,0.6,0.75,7,2868.845176235928,894,15.81301777942152,0
SAC,nominal,1,0.6,0.75,8,1039.4644983271912,305,5.886246617621999,0
SAC,nominal,1,0.6,0.75,9,1420.9182068474686,437,7.882468627827302,0
SAC,nominal,1,0.6,1.0,0,3139.678723860785,1000,17.122985629799004,1
SAC,nominal,1,0.6,1.0,1,1313.9087656625622,401,7.313893403776906,0
SAC,nominal,1,0.6,1.0,2,1049.5339050665193,323,5.822559181448633,0
SAC,nominal,1,0.6,1.0,3,2824.015794988614,849,15.813426992324072,0
SAC,nominal,1,0.6,1.0,4,2206.529578136603,684,12.1926542717675,0
SAC,nominal,1,0.6,1.0,5,1722.9079862328624,541,9.466701319694916,0
SAC,nominal,1,0.6,1.0,6,3128.0711956603755,1000,17.029935778750385,1
SAC,nominal,1,0.6,1.0,7,3285.3169819925342,1000,18.28839714405958,1
SAC,nominal,1,0.6,1.0,8,1149.7525748548403,363,6.30436198880845,0
SAC,nominal,1,0.6,1.0,9,3006.119751242021,913,16.758869732506064,0
SAC,nominal,1,0.6,1.25,0,637.7011554984481,203,3.487079745465038,0
SAC,nominal,1,0.6,1.25,1,615.1233437639931,194,3.3784454709947864,0
SAC,nominal,1,0.6,1.25,2,600.8771008740346,193,3.2724426752386497,0
SAC,nominal,1,0.6,1.25,3,628.2033967755493,196,3.4671061595407444,0
SAC,nominal,1,0.6,1.25,4,610.8756083957633,194,3.3444161208860606,0
SAC,nominal,1,0.6,1.25,5,638.518853545956,203,3.493613687594758,0
SAC,nominal,1,0.6,1.25,6,627.659265856771,196,3.4627258946247905,0
SAC,nominal,1,0.6,1.25,7,626.3784202376115,199,3.428499347801301,0
SAC,nominal,1,0.6,1.25,8,635.3846420057388,200,3.4925255841015015,0
SAC,nominal,1,0.6,1.25,9,616.4478317780536,197,3.3650038490140517,0
SAC,nominal,1,0.6,1.5,0,403.2614200080659,155,1.9954420505877475,0
SAC,nominal,1,0.6,1.5,1,391.4161702896693,154,1.9086534218027524,0
SAC,nominal,1,0.6,1.5,2,397.62556079777295,155,1.9503608636127334,0
SAC,nominal,1,0.6,1.5,3,396.7714869638908,155,1.943518109946451,0
SAC,nominal,1,0.6,1.5,4,398.99077253203245,155,1.9612716708635454,0
SAC,nominal,1,0.6,1.5,5,400.9855490804096,156,1.969223861502312,0
SAC,nominal,1,0.6,1.5,6,396.0902980634514,155,1.938067606242654,0
SAC,nominal,1,0.6,1.5,7,396.10101625371686,154,1.9461523234370537,0
SAC,nominal,1,0.6,1.5,8,389.6983851510259,152,1.9109097732929152,0
SAC,nominal,1,0.6,1.5,9,396.28149168896476,155,1.9395723369715512,0
SAC,nominal,1,0.8,0.5,0,526.2228378983847,181,2.771073250317311,0
SAC,nominal,1,0.8,0.5,1,538.828923781215,185,2.8399274024108334,0
SAC,nominal,1,0.8,0.5,2,530.2533166930076,182,2.795277841119836,0
SAC,nominal,1,0.8,0.5,3,527.8063311888247,182,2.7757438737193905,0
SAC,nominal,1,0.8,0.5,4,528.6497930443838,182,2.782498695481743,0
SAC,nominal,1,0.8,0.5,5,531.0257794401645,183,2.7935163479771896,0
SAC,nominal,1,0.8,0.5,6,623.9405688222455,212,3.305183349177443,0
SAC,nominal,1,0.8,0.5,7,530.7614481226664,182,2.799385772864253,0
SAC,nominal,1,0.8,0.5,8,613.626582729072,211,3.230570104487469,0
SAC,nominal,1,0.8,0.5,9,590.6648247636766,203,3.110836237697192,0
SAC,nominal,1,0.8,0.75,0,1058.0277059992065,333,5.810859229871988,0
SAC,nominal,1,0.8,0.75,1,993.2241304070159,301,5.547818444317664,0
SAC,nominal,1,0.8,0.75,2,1054.0301444570778,325,5.842245532002493,0
SAC,nominal,1,0.8,0.75,3,995.2875140380796,305,5.53239243782582,0
SAC,nominal,1,0.8,0.75,4,1017.6938566974628,309,5.679559465863743,0
SAC,nominal,1,0.8,0.75,5,998.6086425519572,307,5.542969446458105,0
SAC,nominal,1,0.8,0.75,6,985.9171953461213,299,5.505371769010368,0
SAC,nominal,1,0.8,0.75,7,1277.1330231257962,402,7.012272822582229,0
SAC,nominal,1,0.8,0.75,8,1038.0182135314926,319,5.762196785645509,0
SAC,nominal,1,0.8,0.75,9,1044.1362534366658,329,5.731698871039638,0
SAC,nominal,1,0.8,1.0,0,3185.7867056874884,1000,17.49172675788554,1
SAC,nominal,1,0.8,1.0,1,3177.518070447311,1000,17.4254681397997,1
SAC,nominal,1,0.8,1.0,2,3164.8785762165685,1000,17.324494235988528,1
SAC,nominal,1,0.8,1.0,3,3198.2802404632466,1000,17.59162202917415,1
SAC,nominal,1,0.8,1.0,4,3195.51928015003,1000,17.569492609044232,1
SAC,nominal,1,0.8,1.0,5,3192.0917122291603,1000,17.54207043890011,1
SAC,nominal,1,0.8,1.0,6,3198.998523214035,1000,17.59734698127944,1
SAC,nominal,1,0.8,1.0,7,3175.2433308059326,1000,17.4072611863714,1
SAC,nominal,1,0.8,1.0,8,3180.8967839067504,1000,17.452503187711827,1
SAC,nominal,1,0.8,1.0,9,3185.910997401852,1000,17.492635034253162,1
SAC,nominal,1,0.8,1.25,0,629.5739176242835,196,3.477954547835611,0
SAC,nominal,1,0.8,1.25,1,635.0708375539442,198,3.5058972049175474,0
SAC,nominal,1,0.8,1.25,2,608.9716056447688,191,3.3530567011345083,0
SAC,nominal,1,0.8,1.25,3,624.9347306803033,195,3.44878286949633,0
SAC,nominal,1,0.8,1.25,4,640.8634267479083,202,3.5203789660093157,0
SAC,nominal,1,0.8,1.25,5,620.2518067721777,195,3.4114009583011695,0
SAC,nominal,1,0.8,1.25,6,634.0392527095212,197,3.5056489741221775,0
SAC,nominal,1,0.8,1.25,7,632.9220927943928,197,3.4967325382199315,0
SAC,nominal,1,0.8,1.25,8,600.450596067673,189,3.300904971480536,0
SAC,nominal,1,0.8,1.25,9,592.5368709839142,187,3.2535879538880628,0
SAC,nominal,1,0.8,1.5,0,396.858638906556,154,1.9521944361819719,0
SAC,nominal,1,0.8,1.5,1,399.3616109631186,153,1.9801655092616297,0
SAC,nominal,1,0.8,1.5,2,397.81771034942614,153,1.9678158959933403,0
SAC,nominal,1,0.8,1.5,3,394.4942275321607,153,1.941276838167524,0
SAC,nominal,1,0.8,1.5,4,397.644353597768,154,1.9584424798996867,0
SAC,nominal,1,0.8,1.5,5,394.605911633829,153,1.9421586358707272,0
SAC,nominal,1,0.8,1.5,6,397.11159838576805,154,1.9541895987417586,0
SAC,nominal,1,0.8,1.5,7,387.3956627062294,152,1.8924972261554536,0
SAC,nominal,1,0.8,1.5,8,391.29727301829337,152,1.923685772995564,0
SAC,nominal,1,0.8,1.5,9,395.23418509079664,154,1.9392097431105393,0
SAC,nominal,1,1.0,0.5,0,517.4588454381628,180,2.7089291876813726,0
SAC,nominal,1,1.0,0.5,1,515.0165909958562,179,2.6974097234056233,0
SAC,nominal,1,1.0,0.5,2,526.1430475801104,183,2.7544386286453015,0
SAC,nominal,1,1.0,0.5,3,518.9967090294393,181,2.713261019576237,0
SAC,nominal,1,1.0,0.5,4,515.3982573476052,180,2.6924461750375817,0
SAC,nominal,1,1.0,0.5,5,526.1633123393991,183,2.7545582384660725,0
SAC,nominal,1,1.0,0.5,6,518.8869202100057,181,2.712396356931864,0
SAC,nominal,1,1.0,0.5,7,527.7119691786264,184,2.758978354632001,0
SAC,nominal,1,1.0,0.5,8,527.4925716366768,184,2.7572289844249145,0
SAC,nominal,1,1.0,0.5,9,551.3967394322898,195,2.8604421065153023,0
SAC,nominal,1,1.0,0.75,0,1467.0566658740318,481,7.899614617603859,0
SAC,nominal,1,1.0,0.75,1,1448.849670932328,461,7.914084823834327,0
SAC,nominal,1,1.0,0.75,2,985.8728695620605,304,5.4650627077550205,0
SAC,nominal,1,1.0,0.75,3,956.2974748610903,302,5.244464085244169,0
SAC,nominal,1,1.0,0.75,4,1057.2408711304379,342,5.732319926134585,0
SAC,nominal,1,1.0,0.75,5,991.0989551430853,312,5.4428733572601615,0
SAC,nominal,1,1.0,0.75,6,1022.8349131755118,324,5.60090636427607,0
SAC,nominal,1,1.0,0.75,7,985.1527178838033,305,5.4513556929022995,0
SAC,nominal,1,1.0,0.75,8,936.848038536785,296,5.136875449211241,0
SAC,nominal,1,1.0,0.75,9,962.322001207697,304,5.276665067344314,0
SAC,nominal,1,1.0,1.0,0,3185.508424148132,1000,17.489411318938547,1
SAC,nominal,1,1.0,1.0,1,3188.1162311082844,1000,17.510299138627666,1
SAC,nominal,1,1.0,1.0,2,3210.2609663093285,1000,17.687517106533182,1
SAC,nominal,1,1.0,1.0,3,3192.725985299978,1000,17.547277045806084,1
SAC,nominal,1,1.0,1.0,4,3208.337142685756,1000,17.67220395610471,1
SAC,nominal,1,1.0,1.0,5,3165.116891547977,1000,17.326224092397446,1
SAC,nominal,1,1.0,1.0,6,3193.1838685573234,1000,17.55095609085175,1
SAC,nominal,1,1.0,1.0,7,3179.048847157298,1000,17.437861241915734,1
SAC,nominal,1,1.0,1.0,8,3181.23426120237,1000,17.455334551873133,1
SAC,nominal,1,1.0,1.0,9,3169.1403212392556,1000,17.358471382864895,1
SAC,nominal,1,1.0,1.25,0,660.5873678503235,204,3.662135268870919,0
SAC,nominal,1,1.0,1.25,1,658.9466850286478,205,3.6410236135736964,0
SAC,nominal,1,1.0,1.25,2,658.6315164454129,206,3.6305230165072473,0
SAC,nominal,1,1.0,1.25,3,662.8731565722741,206,3.6644254199100645,0
SAC,nominal,1,1.0,1.25,4,653.1419469694142,202,3.618587245382663,0
SAC,nominal,1,1.0,1.25,5,650.3394944695201,202,3.5961310381874108,0
SAC,nominal,1,1.0,1.25,6,635.4335617025741,197,3.516852105787089,0
SAC,nominal,1,1.0,1.25,7,635.4662507807695,198,3.5091452079557426,0
SAC,nominal,1,1.0,1.25,8,646.5797214001285,200,3.5820321366410792,0
SAC,nominal,1,1.0,1.25,9,656.3295061197471,206,3.612073172277399,0
SAC,nominal,1,1.0,1.5,0,402.91316280124886,149,2.0405501824301577,0
SAC,nominal,1,1.0,1.5,1,404.3002274825297,149,2.051656375427784,0
SAC,nominal,1,1.0,1.5,2,405.52277907243086,151,2.0454822823122356,0
SAC,nominal,1,1.0,1.5,3,404.58949483242066,152,2.029984425631776,0
SAC,nominal,1,1.0,1.5,4,405.6204325857422,150,2.054205200386777,0
SAC,nominal,1,1.0,1.5,5,402.0613736886378,151,2.0177909937695135,0
SAC,nominal,1,1.0,1.5,6,400.9493458946862,149,2.024824448393861,0
SAC,nominal,1,1.0,1.5,7,407.52232226016116,151,2.0614768087245,0
SAC,nominal,1,1.0,1.5,8,399.92873929490145,148,2.0246774021588116,0
SAC,nominal,1,1.0,1.5,9,404.9466627247007,150,2.0488163901114493,0
SAC,nominal,1,1.2,0.5,0,483.82485408191087,171,2.5117281494437385,0
SAC,nominal,1,1.2,0.5,1,497.78851340851475,174,2.5994816164865577,0
SAC,nominal,1,1.2,0.5,2,497.14391797457034,174,2.5943049709724892,0
SAC,nominal,1,1.2,0.5,3,479.4055288740963,169,2.492349840719635,0
SAC,nominal,1,1.2,0.5,4,478.5703045160683,170,2.4776783700341354,0
SAC,nominal,1,1.2,0.5,5,482.23614241053133,170,2.5069989646675164,0
SAC,nominal,1,1.2,0.5,6,487.80702330693936,172,2.5355875186415417,0
SAC,nominal,1,1.2,0.5,7,483.61120976503145,170,2.5180116550208202,0
SAC,nominal,1,1.2,0.5,8,505.5661813689285,179,2.6217398045445317,0
SAC,nominal,1,1.2,0.5,9,492.9967585620832,173,2.5690918650717243,0
SAC,nominal,1,1.2,0.75,0,718.7731554225344,235,3.8798473278893963,0
SAC,nominal,1,1.2,0.75,1,718.396376741699,235,3.8768391561953925,0
SAC,nominal,1,1.2,0.75,2,750.4531151498722,247,4.037335067927694,0
SAC,nominal,1,1.2,0.75,3,719.5062257190528,235,3.8857136247337345,0
SAC,nominal,1,1.2,0.75,4,691.2414879089923,225,3.73956047917196,0
SAC,nominal,1,1.2,0.75,5,745.5573944355472,245,4.014135380984443,0
SAC,nominal,1,1.2,0.75,6,735.1153903001858,241,3.9625854506833216,0
SAC,nominal,1,1.2,0.75,7,739.5847731341519,242,3.9903603015693903,0
SAC,nominal,1,1.2,0.75,8,709.1165992098146,231,3.8345345417124332,0
SAC,nominal,1,1.2,0.75,9,732.8646061598977,240,3.9525857154380875,0
SAC,nominal,1,1.2,1.0,0,3172.3089117162644,1000,17.383790890311765,1
SAC,nominal,1,1.2,1.0,1,3201.094654281774,1000,17.614244452363014,1
SAC,nominal,1,1.2,1.0,2,3169.8727211908217,1000,17.36428421908962,1
SAC,nominal,1,1.2,1.0,3,3163.869732763066,1000,17.316330447842027,1
SAC,nominal,1,1.2,1.0,4,3160.354557813421,1000,17.28811633063731,1
SAC,nominal,1,1.2,1.0,5,3164.4106394493638,1000,17.320563745318776,1
SAC,nominal,1,1.2,1.0,6,3163.1135391952494,1000,17.310161206275097,1
SAC,nominal,1,1.2,1.0,7,3160.8340411984295,1000,17.291888197452256,1
SAC,nominal,1,1.2,1.0,8,3178.202409204296,1000,17.430961660222664,1
SAC,nominal,1,1.2,1.0,9,3159.067208669644,1000,17.27775027996333,1
SAC,nominal,1,1.2,1.25,0,637.5799375586291,201,3.5021025730002813,0
SAC,nominal,1,1.2,1.25,1,684.1557344056453,212,3.7869410973298425,0
SAC,nominal,1,1.2,1.25,2,632.0085362827278,199,3.473495125762984,0
SAC,nominal,1,1.2,1.25,3,632.040669304944,199,3.473745866703341,0
SAC,nominal,1,1.2,1.25,4,636.5302395114949,201,3.493671038294774,0
SAC,nominal,1,1.2,1.25,5,647.0951760490535,203,3.562207464062983,0
SAC,nominal,1,1.2,1.25,6,678.2341253609159,211,3.7475534518026254,0
SAC,nominal,1,1.2,1.25,7,631.3656801438433,199,3.4683595889516825,0
SAC,nominal,1,1.2,1.25,8,631.7492623789592,199,3.4713995414839625,0
SAC,nominal,1,1.2,1.25,9,628.4281356652589,198,3.4528252831368538,0
SAC,nominal,1,1.2,1.5,0,406.4104798521477,150,2.0604738186342395,0
SAC,nominal,1,1.2,1.5,1,411.0323664405605,151,2.08947464937411,0
SAC,nominal,1,1.2,1.5,2,401.13165620476383,148,2.0341917546939214,0
SAC,nominal,1,1.2,1.5,3,407.86057724399967,149,2.080136385668835,0
SAC,nominal,1,1.2,1.5,4,401.123460098369,148,2.0341539019372155,0
SAC,nominal,1,1.2,1.5,5,407.3568895556677,150,2.068077221134243,0
SAC,nominal,1,1.2,1.5,6,401.4572021163742,148,2.036852983488424,0
SAC,nominal,1,1.2,1.5,7,395.5139980885273,146,2.005264429460996,0
SAC,nominal,1,1.2,1.5,8,395.8038652656908,146,2.007601349028412,0
SAC,nominal,1,1.2,1.5,9,406.3651896762272,150,2.060163846602995,0
SAC,nominal,1,1.4,0.5,0,471.03177570479914,166,2.4493484370217224,0
SAC,nominal,1,1.4,0.5,1,460.05606814424203,163,2.3855538102606513,0
SAC,nominal,1,1.4,0.5,2,470.71837489424,166,2.446860118612825,0
SAC,nominal,1,1.4,0.5,3,467.53464788531966,165,2.42938653392171,0
SAC,nominal,1,1.4,0.5,4,466.2060327468228,165,2.4187405205986545,0
SAC,nominal,1,1.4,0.5,5,471.49779362109064,166,2.4531068163034138,0
SAC,nominal,1,1.4,0.5,6,472.1501558116927,166,2.4583080336167176,0
SAC,nominal,1,1.4,0.5,7,460.9403731943147,166,2.368622765513109,0
SAC,nominal,1,1.4,0.5,8,463.1549911960006,164,2.402360030430411,0
SAC,nominal,1,1.4,0.5,9,474.44094280852585,167,2.46863341319975,0
SAC,nominal,1,1.4,0.75,0,545.1809916821275,188,2.8667078935663164,0
SAC,nominal,1,1.4,0.75,1,544.2228487469264,188,2.859030583442799,0
SAC,nominal,1,1.4,0.75,2,542.2390465528715,187,2.85115098099147,0
SAC,nominal,1,1.4,0.75,3,547.073057960484,189,2.8738463459055894,0
SAC,nominal,1,1.4,0.75,4,539.060752335707,186,2.83374505650498,0
SAC,nominal,1,1.4,0.75,5,540.2068045163542,186,2.842928583634019,0
SAC,nominal,1,1.4,0.75,6,537.2687178213409,185,2.8273852029458415,0
SAC,nominal,1,1.4,0.75,7,544.6646192917311,188,2.8625715547011077,0
SAC,nominal,1,1.4,0.75,8,543.571415070147,188,2.8538185745023923,0
SAC,nominal,1,1.4,0.75,9,540.1199808690242,186,2.8421983417547176,0
SAC,nominal,1,1.4,1.0,0,1527.0731907217944,458,8.563692813057052,0
SAC,nominal,1,1.4,1.0,1,1505.838059973374,451,8.449762046201679,0
SAC,nominal,1,1.4,1.0,2,1510.5700660773346,455,8.455647890639229,0
SAC,nominal,1,1.4,1.0,3,1553.905382972762,469,8.690290955562952,0
SAC,nominal,1,1.4,1.0,4,1551.5067484489184,466,8.695090393231506,0
SAC,nominal,1,1.4,1.0,5,1595.649914654104,488,8.872443990301164,0
SAC,nominal,1,1.4,1.0,6,1343.6122791138525,414,7.447698502562526,0
SAC,nominal,1,1.4,1.0,7,1311.7025584725118,398,7.320338912795276,0
SAC,nominal,1,1.4,1.0,8,1320.7273580592437,406,7.3285175215411185,0
SAC,nominal,1,1.4,1.0,9,1074.1856152777973,330,5.963695502142908,0
SAC,nominal,1,1.4,1.25,0,604.7880176837436,194,3.295701998584749,0
SAC,nominal,1,1.4,1.25,1,619.7448146958324,202,3.351414606561988,0
SAC,nominal,1,1.4,1.25,2,622.8250800137283,204,3.3600574332951316,0
SAC,nominal,1,1.4,1.25,3,603.2062696998632,194,3.2830426294537647,0
SAC,nominal,1,1.4,1.25,4,618.1739248997302,201,3.346860589970201,0
SAC,nominal,1,1.4,1.25,5,614.4048960613151,198,3.3406882039526176,0
SAC,nominal,1,1.4,1.25,6,620.6237845847096,202,3.3584610040963754,0
SAC,nominal,1,1.4,1.25,7,615.9754942906934,199,3.3452571908564153,0
SAC,nominal,1,1.4,1.25,8,619.894445910226,201,3.360626012882115,0
SAC,nominal,1,1.4,1.25,9,617.1960747464972,200,3.3470151004582047,0
SAC,nominal,1,1.4,1.5,0,407.4210741972194,149,2.076437900851955,0
SAC,nominal,1,1.4,1.5,1,405.93139459200717,148,2.072534708877906,0
SAC,nominal,1,1.4,1.5,2,402.17985374197093,147,2.050485687722424,0
SAC,nominal,1,1.4,1.5,3,407.79762953743307,149,2.079450979225005,0
SAC,nominal,1,1.4,1.5,4,399.9495220551996,147,2.0326396227082357,0
SAC,nominal,1,1.4,1.5,5,404.06879293721767,148,2.057607041274196,0
SAC,nominal,1,1.4,1.5,6,399.88428054881774,147,2.032153656614649,0
SAC,nominal,1,1.4,1.5,7,406.77244052097086,149,2.0712387653272493,0
SAC,nominal,1,1.4,1.5,8,401.71103521733073,147,2.0467654527407233,0
SAC,nominal,1,1.4,1.5,9,396.8547905600037,146,2.015905602866008,0
SAC,nominal,2,0.6,0.5,0,544.2797182913131,193,2.819459584331326,0
SAC,nominal,2,0.6,0.5,1,553.5298410075153,195,2.8774963943228737,0
SAC,nominal,2,0.6,0.5,2,545.6870078962706,193,2.830753911888856,0
SAC,nominal,2,0.6,0.5,3,481.2577681303722,173,2.4753181381298037,0
SAC,nominal,2,0.6,0.5,4,604.35393093691,202,3.2280699985165824,0
SAC,nominal,2,0.6,0.5,5,387.9299672970096,150,1.9126490063821957,0
SAC,nominal,2,0.6,0.5,6,521.7795878902144,185,2.7034643091664923,0
SAC,nominal,2,0.6,0.5,7,404.02322722915454,154,2.0094183691037504,0
SAC,nominal,2,0.6,0.5,8,550.0402512182714,194,2.8576150303002765,0
SAC,nominal,2,0.6,0.5,9,587.3247645184442,196,3.1399839192783507,0
SAC,nominal,2,0.6,0.75,0,389.14697735112424,151,1.9143409081323246,0
SAC,nominal,2,0.6,0.75,1,384.7302950478208,150,1.8870574620527216,0
SAC,nominal,2,0.6,0.75,2,388.5773932462721,151,1.9098300587141088,0
SAC,nominal,2,0.6,0.75,3,183.0470791019064,87,0.7770050797535174,0
SAC,nominal,2,0.6,0.75,4,457.06102736450737,165,2.3457712399626636,0
SAC,nominal,2,0.6,0.75,5,391.06669726480123,152,1.9217530504363662,0
SAC,nominal,2,0.6,0.75,6,384.4709974060725,150,1.8849939154542743,0
SAC,nominal,2,0.6,0.75,7,391.3487579089877,152,1.9240136835531805,0
SAC,nominal,2,0.6,0.75,8,390.8822522870438,152,1.9202953020189064,0
SAC,nominal,2,0.6,0.75,9,388.91375144436876,151,1.9125062544025757,0
SAC,nominal,2,0.6,1.0,0,182.68576866144105,86,0.7820876720384319,0
SAC,nominal,2,0.6,1.0,1,187.88385876753026,88,0.8076781369454206,0
SAC,nominal,2,0.6,1.0,2,189.9119496755998,89,0.81591217567644,0
SAC,nominal,2,0.6,1.0,3,189.57488974296928,89,0.8132092713413139,0
SAC,nominal,2,0.6,1.0,4,190.01843054294153,89,0.8168090892684885,0
SAC,nominal,2,0.6,1.0,5,190.1913388013651,89,0.818140125504474,0
SAC,nominal,2,0.6,1.0,6,187.65928505239333,88,0.8059101936687176,0
SAC,nominal,2,0.6,1.0,7,185.74188891210966,87,0.798549275273651,0
SAC,nominal,2,0.6,1.0,8,185.80452090153312,87,0.7990487733643717,0
SAC,nominal,2,0.6,1.0,9,189.92544105902644,89,0.8160207364939334,0
SAC,nominal,2,0.6,1.25,0,199.877399534607,91,0.8796739606014574,0
SAC,nominal,2,0.6,1.25,1,199.64505275906853,91,0.8778147064007781,0
SAC,nominal,2,0.6,1.25,2,204.67802011402634,93,0.9020791080161434,0
SAC,nominal,2,0.6,1.25,3,628.0777077745066,208,3.3699496306838514,0
SAC,nominal,2,0.6,1.25,4,198.10502134768456,90,0.8734964762229063,0
SAC,nominal,2,0.6,1.25,5,199.81414473380758,91,0.8791348029462533,0
SAC,nominal,2,0.6,1.25,6,202.6936199209469,92,0.8942129247785937,0
SAC,nominal,2,0.6,1.25,7,199.98447737047897,91,0.8805213277930163,0
SAC,nominal,2,0.6,1.25,8,198.11824547139614,90,0.8735785742384753,0
SAC,nominal,2,0.6,1.25,9,198.05630343158953,90,0.8730865625058567,0
SAC,nominal,2,0.6,1.5,0,419.6083365138496,156,2.117813754117382,0
SAC,nominal,2,0.6,1.5,1,415.32732559256556,155,2.0916489265107554,0
SAC,nominal,2,0.6,1.5,2,416.1248772541817,154,2.1059519484992233,0
SAC,nominal,2,0.6,1.5,3,417.76592031590036,155,2.111127001046024,0
SAC,nominal,2,0.6,1.5,4,417.9328265425711,155,2.112418483811046,0
SAC,nominal,2,0.6,1.5,5,417.27897176727015,155,2.1072692803974693,0
SAC,nominal,2,0.6,1.5,6,417.6770441486794,155,2.1104372252237438,0
SAC,nominal,2,0.6,1.5,7,416.361554990448,154,2.1078114566809676,0
SAC,nominal,2,0.6,1.5,8,416.3246817078548,154,2.107493340200726,0
SAC,nominal,2,0.6,1.5,9,418.35196920341406,155,2.115751129661838,0
SAC,nominal,2,0.8,0.5,0,571.6357016517256,194,3.030459072740927,0
SAC,nominal,2,0.8,0.5,1,638.6446493663655,210,3.4385588982291377,0
SAC,nominal,2,0.8,0.5,2,626.4689664846118,206,3.373143257172523,0
SAC,nominal,2,0.8,0.5,3,568.2120911475647,192,3.019052169708098,0
SAC,nominal,2,0.8,0.5,4,611.0300872831457,202,3.2815847029314464,0
SAC,nominal,2,0.8,0.5,5,608.8469293554562,201,3.272201104207698,0
SAC,nominal,2,0.8,0.5,6,574.6667184194708,194,3.0547335545593017,0
SAC,nominal,2,0.8,0.5,7,572.4618483415908,194,3.037033259601858,0
SAC,nominal,2,0.8,0.5,8,579.2557119567488,195,3.0834435224778587,0
SAC,nominal,2,0.8,0.5,9,599.8945454286812,200,3.208462712553977,0
SAC,nominal,2,0.8,0.75,0,568.0798518285403,197,2.9780850245093706,0
SAC,nominal,2,0.8,0.75,1,390.4889412577487,151,1.9251509321924976,0
SAC,nominal,2,0.8,0.75,2,731.6538114192005,232,4.006798272553981,0
SAC,nominal,2,0.8,0.75,3,907.0609248980037,277,5.050511002818581,0
SAC,nominal,2,0.8,0.75,4,731.4661113566145,233,3.9972829261739617,0
SAC,nominal,2,0.8,0.75,5,569.4773906830578,197,2.989300461116392,0
SAC,nominal,2,0.8,0.75,6,613.8123871603026,208,3.2559783985242876,0
SAC,nominal,2,0.8,0.75,7,585.6552751124624,203,3.070825856012174,0
SAC,nominal,2,0.8,0.75,8,579.61823242601,201,3.038382965631992,0
SAC,nominal,2,0.8,0.75,9,396.0982437260951,153,1.9540669866730866,0
SAC,nominal,2,0.8,1.0,0,195.24016958129826,91,0.8425927605360591,0
SAC,nominal,2,0.8,1.0,1,190.9343488347815,89,0.8241051539020064,0
SAC,nominal,2,0.8,1.0,2,193.36638154563911,90,0.8355943813146782,0
SAC,nominal,2,0.8,1.0,3,197.73403062688763,92,0.85457009305267,0
SAC,nominal,2,0.8,1.0,4,193.21662605776726,90,0.8344066314423284,0
SAC,nominal,2,0.8,1.0,5,193.27736523734646,90,0.8348809249169082,0
SAC,nominal,2,0.8,1.0,6,195.64835640956343,91,0.8458531932243649,0
SAC,nominal,2,0.8,1.0,7,197.63311661234286,92,0.8537444285508766,0
SAC,nominal,2,0.8,1.0,8,195.37740596837114,91,0.8436692806845831,0
SAC,nominal,2,0.8,1.0,9,195.3887321834733,91,0.8437930475031873,0
SAC,nominal,2,0.8,1.25,0,613.9060288166178,202,3.3044814257900432,0
SAC,nominal,2,0.8,1.25,1,614.0819845704722,202,3.3058752602151196,0
SAC,nominal,2,0.8,1.25,2,604.1145630868342,200,3.242125249006616,0
SAC,nominal,2,0.8,1.25,3,595.1340886610878,196,3.2022464253924228,0
SAC,nominal,2,0.8,1.25,4,596.9298520849917,197,3.208633516972986,0
SAC,nominal,2,0.8,1.25,5,600.563349020239,199,3.22172696633361,0
SAC,nominal,2,0.8,1.25,6,637.4965369478218,208,3.44523762005498,0
SAC,nominal,2,0.8,1.25,7,584.2505510185406,194,3.1311586800813656,0
SAC,nominal,2,0.8,1.25,8,524.9085427863866,180,2.768384420355597,0
SAC,nominal,2,0.8,1.25,9,599.4277234683402,198,3.2206294302261775,0
SAC,nominal,2,0.8,1.5,0,420.174785286169,154,2.1383196533966538,0
SAC,nominal,2,0.8,1.5,1,419.9613169842786,154,2.136660837289385,0
SAC,nominal,2,0.8,1.5,2,418.5211269834122,154,2.1251512735615563,0
SAC,nominal,2,0.8,1.5,3,420.11761726479745,154,2.137863892190987,0
SAC,nominal,2,0.8,1.5,4,417.14495415509947,153,2.122101757747975,0
SAC,nominal,2,0.8,1.5,5,417.8140865600343,153,2.127454109913309,0
SAC,nominal,2,0.8,1.5,6,416.82887148812404,153,2.119577932412143,0
SAC,nominal,2,0.8,1.5,7,417.7654788213477,153,2.127041149207813,0
SAC,nominal,2,0.8,1.5,8,418.42236648429457,153,2.1323294701572353,0
SAC,nominal,2,0.8,1.5,9,420.22588452606476,154,2.1387321130524413,0
SAC,nominal,2,1.0,0.5,0,537.824502022018,186,2.8237582527927945,0
SAC,nominal,2,1.0,0.5,1,527.067213790978,185,2.7457327234017357,0
SAC,nominal,2,1.0,0.5,2,544.2586553028024,190,2.843291614034615,0
SAC,nominal,2,1.0,0.5,3,555.6513111147906,192,2.918439059178059,0
SAC,nominal,2,1.0,0.5,4,530.8857997150747,186,2.7682609681403365,0
SAC,nominal,2,1.0,0.5,5,583.3134143513445,198,3.0919218172226346,0
SAC,nominal,2,1.0,0.5,6,533.5311571933418,187,2.7814600043039213,0
SAC,nominal,2,1.0,0.5,7,551.5035374424917,191,2.8932577328365654,0
SAC,nominal,2,1.0,0.5,8,534.9819732808631,187,2.7930433586711727,0
SAC,nominal,2,1.0,0.5,9,547.3562978114467,190,2.8680789371268545,0
SAC,nominal,2,1.0,0.75,0,729.1683912276957,235,3.9628523892385625,0
SAC,nominal,2,1.0,0.75,1,753.1030325762456,243,4.09037597050679,0
SAC,nominal,2,1.0,0.75,2,763.7947883882663,247,4.143870658756423,0
SAC,nominal,2,1.0,0.75,3,767.7788443903545,248,4.167730144055399,0
SAC,nominal,2,1.0,0.75,4,763.0087529573874,247,4.137618797963434,0
SAC,nominal,2,1.0,0.75,5,760.8585248914669,246,4.128395065894928,0
SAC,nominal,2,1.0,0.75,6,773.6640976659743,250,4.198859349270869,0
SAC,nominal,2,1.0,0.75,7,754.5696152338537,243,4.1020728942595035,0
SAC,nominal,2,1.0,0.75,8,748.2167890329915,241,4.067209075106412,0
SAC,nominal,2,1.0,0.75,9,787.5889582410915,255,4.27028290344049,0
SAC,nominal,2,1.0,1.0,0,3288.266758995076,1000,18.311662257006496,1
SAC,nominal,2,1.0,1.0,1,3285.559758186698,1000,18.29013876593801,1
SAC,nominal,2,1.0,1.0,2,3290.1728137663754,1000,18.32700555996355,1
SAC,nominal,2,1.0,1.0,3,3286.18594010267,1000,18.2950827674327,1
SAC,nominal,2,1.0,1.0,4,3298.6065651229405,1000,18.394545202309356,1
SAC,nominal,2,1.0,1.0,5,3287.3043814810594,1000,18.303963365819367,1
SAC,nominal,2,1.0,1.0,6,3284.319134011863,1000,18.280078396424855,1
SAC,nominal,2,1.0,1.0,7,3296.109977733185,1000,18.374544954655303,1
SAC,nominal,2,1.0,1.0,8,3285.8715794086947,1000,18.29262184820182,1
SAC,nominal,2,1.0,1.0,9,3296.5160409408118,1000,18.377736463884357,1
SAC,nominal,2,1.0,1.25,0,2121.973475282149,640,11.867329718775837,0
SAC,nominal,2,1.0,1.25,1,1292.0884381870667,397,7.171025365963641,0
SAC,nominal,2,1.0,1.25,2,2390.7122341293966,727,13.321652890829307,0
SAC,nominal,2,1.0,1.25,3,1936.755677742406,578,10.881093910057166,0
SAC,nominal,2,1.0,1.25,4,1203.4926416186756,365,6.718156022627438,0
SAC,nominal,2,1.0,1.25,5,1989.5519543342343,588,11.223462623850901,0
SAC,nominal,2,1.0,1.25,6,2426.4817728334447,720,13.663619652165842,0
SAC,nominal,2,1.0,1.25,7,1577.993531874414,479,8.802635238413345,0
SAC,nominal,2,1.0,1.25,8,2691.125873771874,800,15.141243770996441,0
SAC,nominal,2,1.0,1.25,9,1122.6650891269023,337,6.295347970126426,0
SAC,nominal,2,1.0,1.5,0,422.7854468832453,153,2.1671416707303828,0
SAC,nominal,2,1.0,1.5,1,422.97136598557194,153,2.168638079598335,0
SAC,nominal,2,1.0,1.5,2,422.8731269098456,153,2.1679083142496696,0
SAC,nominal,2,1.0,1.5,3,423.1010490505188,153,2.1697019863802534,0
SAC,nominal,2,1.0,1.5,4,425.15782193422194,154,2.1781730173037843,0
SAC,nominal,2,1.0,1.5,5,425.96647470702214,154,2.1846302280568506,0
SAC,nominal,2,1.0,1.5,6,423.13878342769823,153,2.1700271522475036,0
SAC,nominal,2,1.0,1.5,7,421.642145987361,153,2.1580880672087415,0
SAC,nominal,2,1.0,1.5,8,421.43103759742917,152,2.16432608831338,0
SAC,nominal,2,1.0,1.5,9,422.88824057073646,153,2.1680258518327444,0
SAC,nominal,2,1.2,0.5,0,507.31964936357326,178,2.6437439375962484,0
SAC,nominal,2,1.2,0.5,1,505.70049193727914,179,2.6228276542565423,0
SAC,nominal,2,1.2,0.5,2,505.4240748428036,178,2.6285733038704464,0
SAC,nominal,2,1.2,0.5,3,508.4762683475527,179,2.644995939019352,0
SAC,nominal,2,1.2,0.5,4,511.5782828992451,180,2.6618302742729076,0
SAC,nominal,2,1.2,0.5,5,501.53614388248167,177,2.6054678290200797,0
SAC,nominal,2,1.2,0.5,6,504.93471277664383,179,2.616684765830754,0
SAC,nominal,2,1.2,0.5,7,502.50809042696727,177,2.6132561813863746,0
SAC,nominal,2,1.2,0.5,8,507.3555689315098,179,2.6360579908810777,0
SAC,nominal,2,1.2,0.5,9,504.00163606911565,177,2.6252054825878637,0
SAC,nominal,2,1.2,0.75,0,588.2633217844942,201,3.1075907171431227,0
SAC,nominal,2,1.2,0.75,1,571.0807796708467,197,3.0021181063438873,0
SAC,nominal,2,1.2,0.75,2,603.932174813712,204,3.20894170091578,0
SAC,nominal,2,1.2,0.75,3,571.857758347689,197,3.0083161657327713,0
SAC,nominal,2,1.2,0.75,4,581.533702376056,199,3.0697503175732956,0
SAC,nominal,2,1.2,0.75,5,571.5071735862394,197,3.0055151752794704,0
SAC,nominal,2,1.2,0.75,6,592.8118924221272,202,3.135960318019083,0
SAC,nominal,2,1.2,0.75,7,614.0371148752668,206,3.273807907006189,0
SAC,nominal,2,1.2,0.75,8,581.243075143271,199,3.0674081840727747,0
SAC,nominal,2,1.2,0.75,9,597.9780977483073,202,3.177300688042982,0
SAC,nominal,2,1.2,1.0,0,1042.6512660535677,318,5.807253365981453,0
SAC,nominal,2,1.2,1.0,1,1110.053858038916,342,6.154755719990492,0
SAC,nominal,2,1.2,1.0,2,1065.4199793136095,326,5.925394909184815,0
SAC,nominal,2,1.2,1.0,3,1093.205324126796,338,6.051819166076464,0
SAC,nominal,2,1.2,1.0,4,1074.2801555447495,330,5.964335192957026,0
SAC,nominal,2,1.2,1.0,5,2301.085510187447,688,12.917079401134085,0
SAC,nominal,2,1.2,1.0,6,1092.7016659981903,337,6.055739062205429,0
SAC,nominal,2,1.2,1.0,7,1750.355458096772,524,9.822235621609387,0
SAC,nominal,2,1.2,1.0,8,1227.1648268612662,369,6.875842938892429,0
SAC,nominal,2,1.2,1.0,9,1041.1938414221283,318,5.795576289118819,0
SAC,nominal,2,1.2,1.25,0,991.9975137772161,295,5.5858886190375605,0
SAC,nominal,2,1.2,1.25,1,981.3182952696619,292,5.524454740594893,0
SAC,nominal,2,1.2,1.25,2,1002.0895154300592,298,5.642604780982574,0
SAC,nominal,2,1.2,1.25,3,930.9989280282691,281,5.209799536924013,0
SAC,nominal,2,1.2,1.25,4,1052.896580754076,311,5.945131007814672,0
SAC,nominal,2,1.2,1.25,5,924.4295762235686,278,5.1811993634989015,0
SAC,nominal,2,1.2,1.25,6,985.9636761285507,293,5.55362446376099,0
SAC,nominal,2,1.2,1.25,7,1056.5444090488197,311,5.974306980307576,0
SAC,nominal,2,1.2,1.25,8,977.0781988325324,290,5.506537928792254,0
SAC,nominal,2,1.2,1.25,9,993.0199040970999,295,5.59407789540613,0
SAC,nominal,2,1.2,1.5,0,429.17202273242543,154,2.2103317558716924,0
SAC,nominal,2,1.2,1.5,1,434.4605570627015,156,2.2366544354976257,0
SAC,nominal,2,1.2,1.5,2,431.98867224713956,155,2.2248341654246557,0
SAC,nominal,2,1.2,1.5,3,432.7454471516652,155,2.230869144171364,0
SAC,nominal,2,1.2,1.5,4,428.71004091215764,154,2.206737203057638,0
SAC,nominal,2,1.2,1.5,5,432.4377367828038,155,2.2284462437400507,0
SAC,nominal,2,1.2,1.5,6,428.944262896541,154,2.208532661596374,0
SAC,nominal,2,1.2,1.5,7,429.69050420731656,154,2.214467232685279,0
SAC,nominal,2,1.2,1.5,8,427.39580853191563,153,2.204117983457721,0
SAC,nominal,2,1.2,1.5,9,429.590640618909,154,2.2136370335905466,0
SAC,nominal,2,1.4,0.5,0,454.3648564404811,165,2.324072461194358,0
SAC,nominal,2,1.4,0.5,1,458.5873811627107,166,2.349868748474334,0
SAC,nominal,2,1.4,0.5,2,418.13488891274505,155,2.114231977345861,0
SAC,nominal,2,1.4,0.5,3,464.0112964929799,168,2.3772517965104005,0
SAC,nominal,2,1.4,0.5,4,459.8222157635632,167,2.3517427256960253,0
SAC,nominal,2,1.4,0.5,5,464.2714584355367,168,2.3793469522708373,0
SAC,nominal,2,1.4,0.5,6,460.8533643698077,167,2.3600035845021874,0
SAC,nominal,2,1.4,0.5,7,458.30668176275793,166,2.347615444475221,0
SAC,nominal,2,1.4,0.5,8,459.0766427773399,167,2.3457891027282485,0
SAC,nominal,2,1.4,0.5,9,455.00653945674327,166,2.3212349392634617,0
SAC,nominal,2,1.4,0.75,0,518.9871682834049,181,2.7131733877841726,0
SAC,nominal,2,1.4,0.75,1,524.6713302001983,183,2.742643318172798,0
SAC,nominal,2,1.4,0.75,2,522.7257673888391,182,2.735081938709725,0
SAC,nominal,2,1.4,0.75,3,523.9710628662953,183,2.7370342779242596,0
SAC,nominal,2,1.4,0.75,4,528.3340856208274,184,2.763916909500102,0
SAC,nominal,2,1.4,0.75,5,521.9943997893945,182,2.729185653427969,0
SAC,nominal,2,1.4,0.75,6,525.2156599983405,183,2.7469515655543213,0
SAC,nominal,2,1.4,0.75,7,527.8070216806092,184,2.7597027023328056,0
SAC,nominal,2,1.4,0.75,8,524.5496388102328,183,2.7416611567385267,0
SAC,nominal,2,1.4,0.75,9,525.1764985771063,183,2.746660419117249,0
SAC,nominal,2,1.4,1.0,0,765.9124391545284,247,4.160953839223187,0
SAC,nominal,2,1.4,1.0,1,780.6906166298938,250,4.255178825910109,0
SAC,nominal,2,1.4,1.0,2,751.09386867134,243,4.0743863633265,0
SAC,nominal,2,1.4,1.0,3,747.6061586603737,241,4.0624613216497645,0
SAC,nominal,2,1.4,1.0,4,750.6390555080898,242,4.078774156959781,0
SAC,nominal,2,1.4,1.0,5,774.5829165637197,249,4.214322902917242,0
SAC,nominal,2,1.4,1.0,6,763.9728138508463,246,4.1534017470117925,0
SAC,nominal,2,1.4,1.0,7,733.7213341878922,238,3.9753848490112,0
SAC,nominal,2,1.4,1.0,8,748.5645843694391,242,4.062162307953194,0
SAC,nominal,2,1.4,1.0,9,752.0659573645086,243,4.082160650738893,0
SAC,nominal,2,1.4,1.25,0,785.4727158526067,243,4.349342227584729,0
SAC,nominal,2,1.4,1.25,1,806.0675343132391,249,4.466110213234848,0
SAC,nominal,2,1.4,1.25,2,799.8366209173499,248,4.424262458902076,0
SAC,nominal,2,1.4,1.25,3,784.169255172091,244,4.330913194833511,0
SAC,nominal,2,1.4,1.25,4,797.9684478746724,247,4.417334246970865,0
SAC,nominal,2,1.4,1.25,5,797.4482129656137,247,4.413136615901657,0
SAC,nominal,2,1.4,1.25,6,781.32610231833,243,4.316182306895279,0
SAC,nominal,2,1.4,1.25,7,790.0712143586007,245,4.370160888962941,0
SAC,nominal,2,1.4,1.25,8,797.7726282390231,247,4.415792435434069,0
SAC,nominal,2,1.4,1.25,9,811.5315656336418,251,4.493798560342029,0
SAC,nominal,2,1.4,1.5,0,465.3322643548393,160,2.451596545923861,0
SAC,nominal,2,1.4,1.5,1,467.6863734768529,160,2.4704043848445,0
SAC,nominal,2,1.4,1.5,2,467.5789136128901,160,2.469570010457754,0
SAC,nominal,2,1.4,1.5,3,465.8143844728442,160,2.45545696778703,0
SAC,nominal,2,1.4,1.5,4,466.65143680384017,160,2.4621219913516397,0
SAC,nominal,2,1.4,1.5,5,470.0976963190612,161,2.4817146744560428,0
SAC,nominal,2,1.4,1.5,6,466.38061162339756,160,2.4599685939543505,0
SAC,nominal,2,1.4,1.5,7,467.9915355528452,161,2.4648721460073246,0
SAC,nominal,2,1.4,1.5,8,457.48539932491576,158,2.404798826187458,0
SAC,nominal,2,1.4,1.5,9,462.5216816361717,159,2.4371055539385824,0
SAC,randomized,0,0.6,0.5,0,1002.1272057841045,328,5.403897660582486,0
SAC,randomized,0,0.6,0.5,1,648.3738483496818,220,3.4366655925201792,0
SAC,randomized,0,0.6,0.5,2,1022.038094587691,324,5.595243334864861,0
SAC,randomized,0,0.6,0.5,3,669.3693383150272,226,3.556751275311399,0
SAC,randomized,0,0.6,0.5,4,871.0700115093174,292,4.643035740100666,0
SAC,randomized,0,0.6,0.5,5,1028.4329862524323,331,5.590422724378784,0
SAC,randomized,0,0.6,0.5,6,872.6843660084476,292,4.655900763818238,0
SAC,randomized,0,0.6,0.5,7,861.6743225373936,282,4.647732946248212,0
SAC,randomized,0,0.6,0.5,8,1035.8478078034648,342,5.5619000008309945,0
SAC,randomized,0,0.6,0.5,9,866.5090678729612,291,4.614702377403055,0
SAC,randomized,0,0.6,0.75,0,3082.9950060791057,1000,16.672613781913732,1
SAC,randomized,0,0.6,0.75,1,3279.45574058682,1000,18.24411703514291,1
SAC,randomized,0,0.6,0.75,2,1347.1620633341283,386,7.700040558069301,0
SAC,randomized,0,0.6,0.75,3,3027.0322040871583,1000,16.22405433037734,1
SAC,randomized,0,0.6,0.75,4,1751.6973890532786,494,10.073547174783798,0
SAC,randomized,0,0.6,0.75,5,3043.416909205495,1000,16.35541168720582,1
SAC,randomized,0,0.6,0.75,6,3222.0214697880324,1000,17.784382536851073,1
SAC,randomized,0,0.6,0.75,7,3205.4002393452774,1000,17.651326396535357,1
SAC,randomized,0,0.6,0.75,8,3186.1485660602234,1000,17.49688138776034,1
SAC,randomized,0,0.6,0.75,9,3304.759017062001,1000,18.446550092331847,1
SAC,randomized,0,0.6,1.0,0,969.238384786275,314,5.252178583650126,0
SAC,randomized,0,0.6,1.0,1,1035.838350261443,325,5.697134632339067,0
SAC,randomized,0,0.6,1.0,2,974.8586141769258,312,5.313263429256882,0
SAC,randomized,0,0.6,1.0,3,1046.703564735066,328,5.76015442117936,0
SAC,randomized,0,0.6,1.0,4,1008.1924829170025,313,5.571868918464977,0
SAC,randomized,0,0.6,1.0,5,973.3268118710821,309,5.324988334170581,0
SAC,randomized,0,0.6,1.0,6,994.8215797491205,309,5.49682152669768,0
SAC,randomized,0,0.6,1.0,7,1061.8860969895327,338,5.801868323992749,0
SAC,randomized,0,0.6,1.0,8,1016.9056567503519,328,5.521691407465529,0
SAC,randomized,0,0.6,1.0,9,1022.2975920994324,322,5.6128601007807415,0
SAC,randomized,0,0.6,1.25,0,594.4208020103629,205,3.1248371613398014,0
SAC,randomized,0,0.6,1.25,1,599.2686472083691,206,3.1555684024497483,0
SAC,randomized,0,0.6,1.25,2,579.6664842786199,196,3.0790141443066905,0
SAC,randomized,0,0.6,1.25,3,579.2094278291859,198,3.0593259232113192,0
SAC,randomized,0,0.6,1.25,4,590.6600647494397,203,3.110690258164844,0
SAC,randomized,0,0.6,1.25,5,584.83555919477,201,3.080074940622496,0
SAC,randomized,0,0.6,1.25,6,600.127320190045,202,3.194684696407365,0
SAC,randomized,0,0.6,1.25,7,607.8936906057246,208,3.2085385758651976,0
SAC,randomized,0,0.6,1.25,8,591.8840502827321,203,3.1204765065086533,0
SAC,randomized,0,0.6,1.25,9,631.3474010860305,219,3.308407266995983,0
SAC,randomized,0,0.6,1.5,0,371.4903670653347,148,1.796727178382075,0
SAC,randomized,0,0.6,1.5,1,370.2186576867029,147,1.7945683675486699,0
SAC,randomized,0,0.6,1.5,2,372.1190739313827,146,1.8177871855159924,0
SAC,randomized,0,0.6,1.5,3,369.16433768564957,146,1.7941318528888914,0
SAC,randomized,0,0.6,1.5,4,370.4665807987654,147,1.796565543457683,0
SAC,randomized,0,0.6,1.5,5,372.1779149372148,147,1.8102457779162235,0
SAC,randomized,0,0.6,1.5,6,370.27067289460496,146,1.8029775264024575,0
SAC,randomized,0,0.6,1.5,7,370.431810649079,145,1.8122604094762638,0
SAC,randomized,0,0.6,1.5,8,369.66834758559594,145,1.8061655544989983,0
SAC,randomized,0,0.6,1.5,9,368.7381972375121,146,1.7907265544635398,0
SAC,randomized,0,0.8,0.5,0,823.1194843130431,285,4.315451668380238,0
SAC,randomized,0,0.8,0.5,1,646.2551091490183,222,3.4037127317847355,0
SAC,randomized,0,0.8,0.5,2,758.5837184388671,264,3.9670094074435718,0
SAC,randomized,0,0.8,0.5,3,931.8460701845185,319,4.9136997271705045,0
SAC,randomized,0,0.8,0.5,4,676.3306308074923,241,3.4928403499380676,0
SAC,randomized,0,0.8,0.5,5,730.7007868059962,253,3.8318363087866953,0
SAC,randomized,0,0.8,0.5,6,746.6867212068636,254,3.951605398603801,0
SAC,randomized,0,0.8,0.5,7,724.8921374500809,258,3.745460445046981,0
SAC,randomized,0,0.8,0.5,8,730.4164769081258,259,3.781676109655749,0
SAC,randomized,0,0.8,0.5,9,834.5127270431396,288,4.382607578026742,0
SAC,randomized,0,0.8,0.75,0,1252.9765221680616,382,6.978692165716081,0
SAC,randomized,0,0.8,0.75,1,993.2168362305503,306,5.508126778827704,0
SAC,randomized,0,0.8,0.75,2,1888.1825179061989,570,10.557778767410417,0
SAC,randomized,0,0.8,0.75,3,1547.4607932488302,474,8.599222600758132,0
SAC,randomized,0,0.8,0.75,4,1499.072938971545,454,8.372053474015077,0
SAC,randomized,0,0.8,0.75,5,1185.3107268012204,352,6.676979252551736,0
SAC,randomized,0,0.8,0.75,6,1152.4576501083668,340,6.510128828414351,0
SAC,randomized,0,0.8,0.75,7,1506.0964604232454,467,8.324211219080366,0
SAC,randomized,0,0.8,0.75,8,1633.645762351756,492,9.144871212866482,0
SAC,randomized,0,0.8,0.75,9,1742.0275300023518,533,9.684355983149679,0
SAC,randomized,0,0.8,1.0,0,980.695789150656,311,5.367824586939856,0
SAC,randomized,0,0.8,1.0,1,1078.986862766239,344,5.890710979335315,0
SAC,randomized,0,0.8,1.0,2,1171.730246709839,363,6.480852169052762,0
SAC,randomized,0,0.8,1.0,3,1022.0110931057981,320,5.626398360540062,0
SAC,randomized,0,0.8,1.0,4,1250.496465074442,402,6.79919208991214,0
SAC,randomized,0,0.8,1.0,5,1148.9543507726557,357,6.3464875725608065,0
SAC,randomized,0,0.8,1.0,6,1230.6434576007643,372,6.880263773750268,0
SAC,randomized,0,0.8,1.0,7,1072.266544380196,341,5.8606879892925665,0
SAC,randomized,0,0.8,1.0,8,1025.5116563965005,325,5.614459319881113,0
SAC,randomized,0,0.8,1.0,9,1104.510407647296,347,6.071035671205421,0
SAC,randomized,0,0.8,1.25,0,643.8464411622623,226,3.3524273888654594,0
SAC,randomized,0,0.8,1.25,1,599.6940650905353,206,3.1589321886680852,0
SAC,randomized,0,0.8,1.25,2,658.3898440036927,228,3.4527164461899007,0
SAC,randomized,0,0.8,1.25,3,679.0626271312524,240,3.5221281757778735,0
SAC,randomized,0,0.8,1.25,4,615.7853724886575,214,3.223811816193166,0
SAC,randomized,0,0.8,1.25,5,629.5767111502536,219,3.2941530040891878,0
SAC,randomized,0,0.8,1.25,6,673.5664083164428,235,3.518150404303618,0
SAC,randomized,0,0.8,1.25,7,629.4288834306984,217,3.3089700112065863,0
SAC,randomized,0,0.8,1.25,8,638.8245593531124,224,3.328174956032086,0
SAC,randomized,0,0.8,1.25,9,630.0958983736407,218,3.3063218050910637,0
SAC,randomized,0,0.8,1.5,0,372.34872348348216,147,1.8116239351601602,0
SAC,randomized,0,0.8,1.5,1,370.1742678706952,146,1.8022298079845207,0
SAC,randomized,0,0.8,1.5,2,370.42658709813156,147,1.7962442114177206,0
SAC,randomized,0,0.8,1.5,3,370.4117890132674,146,1.8041256274150248,0
SAC,randomized,0,0.8,1.5,4,370.83156262050346,146,1.807506706761717,0
SAC,randomized,0,0.8,1.5,5,369.36248617778875,145,1.803739061858511,0
SAC,randomized,0,0.8,1.5,6,371.6406713787499,146,1.8139863550157673,0
SAC,randomized,0,0.8,1.5,7,369.85525654044534,145,1.8077008933393834,0
SAC,randomized,0,0.8,1.5,8,369.4896527680022,145,1.8047650716619477,0
SAC,randomized,0,0.8,1.5,9,372.6121384813369,147,1.8137448023606615,0
SAC,randomized,0,1.0,0.5,0,671.3947315542315,230,3.5411556087324314,0
SAC,randomized,0,1.0,0.5,1,739.4112320559186,246,3.957253955942085,0
SAC,randomized,0,1.0,0.5,2,730.640630454364,243,3.91111095828401,0
SAC,randomized,0,1.0,0.5,3,740.1713962057922,244,3.97930206147695,0
SAC,randomized,0,1.0,0.5,4,687.7222424584272,240,3.5918666408981017,0
SAC,randomized,0,1.0,0.5,5,690.659568593278,239,3.6233503247053966,0
SAC,randomized,0,1.0,0.5,6,726.9319183656686,242,3.8894142870884147,0
SAC,randomized,0,1.0,0.5,7,696.6051201026717,235,3.7028097234425523,0
SAC,randomized,0,1.0,0.5,8,718.1506513525154,239,3.8431308868081664,0
SAC,randomized,0,1.0,0.5,9,604.7356150651585,210,3.1672875758873826,0
SAC,randomized,0,1.0,0.75,0,882.9524289596186,277,4.857577074641289,0
SAC,randomized,0,1.0,0.75,1,880.2301146232703,279,4.819829819770807,0
SAC,randomized,0,1.0,0.75,2,891.1859497200933,286,4.851658298730568,0
SAC,randomized,0,1.0,0.75,3,875.0478082224182,274,4.8182876808359305,0
SAC,randomized,0,1.0,0.75,4,879.2667385675766,276,4.836031565531111,0
SAC,randomized,0,1.0,0.75,5,883.524365233499,281,4.830259079936004,0
SAC,randomized,0,1.0,0.75,6,876.5599229039784,275,4.822379272358613,0
SAC,randomized,0,1.0,0.75,7,871.6268297394124,272,4.806926029573319,0
SAC,randomized,0,1.0,0.75,8,880.6456451341311,280,4.815240428786539,0
SAC,randomized,0,1.0,0.75,9,872.9684234594678,274,4.801677944838612,0
SAC,randomized,0,1.0,1.0,0,1331.7613303082792,396,7.4970809876905085,0
SAC,randomized,0,1.0,1.0,1,1325.6593436622793,385,7.536045299992514,0
SAC,randomized,0,1.0,1.0,2,2033.3863007759585,592,11.54370496132839,0
SAC,randomized,0,1.0,1.0,3,1312.6361252030742,385,7.431744736717027,0
SAC,randomized,0,1.0,1.0,4,1325.7793775527348,393,7.4731531575488175,0
SAC,randomized,0,1.0,1.0,5,1323.3713328056447,380,7.557726478947776,0
SAC,randomized,0,1.0,1.0,6,1618.1244673094166,482,9.100665871774249,0
SAC,randomized,0,1.0,1.0,7,1325.3649339035394,384,7.541680472028737,0
SAC,randomized,0,1.0,1.0,8,2724.968167744905,800,15.413675770372306,0
SAC,randomized,0,1.0,1.0,9,1893.3515149678728,560,10.679089487702345,0
SAC,randomized,0,1.0,1.25,0,782.9497244727395,267,4.137731921592305,0
SAC,randomized,0,1.0,1.25,1,800.0780928687846,249,4.418647608608605,0
SAC,randomized,0,1.0,1.25,2,829.1438198387275,279,4.411276937486755,0
SAC,randomized,0,1.0,1.25,3,843.2066736030929,270,4.595829282881313,0
SAC,randomized,0,1.0,1.25,4,841.3532958072731,284,4.468899362810479,0
SAC,randomized,0,1.0,1.25,5,817.9372534869799,263,4.449673033412232,0
SAC,randomized,0,1.0,1.25,6,836.5199128473687,280,4.462393404727365,0
SAC,randomized,0,1.0,1.25,7,870.8411111907681,278,4.752977540081854,0
SAC,randomized,0,1.0,1.25,8,860.8127512194967,290,4.576549765157067,0
SAC,randomized,0,1.0,1.25,9,829.8514709725476,268,4.5050546260209225,0
SAC,randomized,0,1.0,1.5,0,377.53822649868647,148,1.8451746156042559,0
SAC,randomized,0,1.0,1.5,1,377.71562250143876,148,1.8466101969710222,0
SAC,randomized,0,1.0,1.5,2,376.53256258309483,147,1.8451047728199148,0
SAC,randomized,0,1.0,1.5,3,376.1040917262465,147,1.8416441257547114,0
SAC,randomized,0,1.0,1.5,4,377.6855414078676,149,1.8383578266648932,0
SAC,randomized,0,1.0,1.5,5,377.0070318992147,148,1.840932308300929,0
SAC,randomized,0,1.0,1.5,6,378.41798667126676,148,1.8521956951658776,0
SAC,randomized,0,1.0,1.5,7,379.4924848350042,149,1.852825498989685,0
SAC,randomized,0,1.0,1.5,8,377.2540330264617,147,1.850877588311884,0
SAC,randomized,0,1.0,1.5,9,375.65464759279575,147,1.8380582460782666,0
SAC,randomized,0,1.2,0.5,0,576.1517243085591,203,2.994638551362988,0
SAC,randomized,0,1.2,0.5,1,576.4866067270037,203,2.9973436108606553,0
SAC,randomized,0,1.2,0.5,2,588.6159487247477,207,3.062397249597293,0
SAC,randomized,0,1.2,0.5,3,585.2835121512172,206,3.0437378886784625,0
SAC,randomized,0,1.2,0.5,4,587.8188191301372,207,3.0559984352481133,0
SAC,randomized,0,1.2,0.5,5,571.7538217030602,202,2.9674659672961927,0
SAC,randomized,0,1.2,0.5,6,592.3149529107926,208,3.083960754759985,0
SAC,randomized,0,1.2,0.5,7,623.2496676409056,217,3.2594178711336883,0
SAC,randomized,0,1.2,0.5,8,585.1571537637,206,3.0426310448348484,0
SAC,randomized,0,1.2,0.5,9,579.5031449690939,204,3.013511023232391,0
SAC,randomized,0,1.2,0.75,0,776.3814919858438,251,4.21307499610055,0
SAC,randomized,0,1.2,0.75,1,772.0915481398703,247,4.210690808447076,0
SAC,randomized,0,1.2,0.75,2,786.7759765646964,254,4.272140064780804,0
SAC,randomized,0,1.2,0.75,3,780.6402650915454,248,4.271057852566872,0
SAC,randomized,0,1.2,0.75,4,778.7690854739076,250,4.240111158338449,0
SAC,randomized,0,1.2,0.75,5,771.6337269731652,248,4.199033096915325,0
SAC,randomized,0,1.2,0.75,6,776.4382672777349,247,4.245428089322329,0
SAC,randomized,0,1.2,0.75,7,780.8117799451138,247,4.2804223238190175,0
SAC,randomized,0,1.2,0.75,8,778.9477147555215,249,4.249485747933775,0
SAC,randomized,0,1.2,0.75,9,772.7230523909424,247,4.215740597920675,0
SAC,randomized,0,1.2,1.0,0,1468.5934548710832,434,8.287817104699016,0
SAC,randomized,0,1.2,1.0,1,1129.729740966807,333,6.38415247805691,0
SAC,randomized,0,1.2,1.0,2,1430.8397004950627,423,8.07375311854435,0
SAC,randomized,0,1.2,1.0,3,2230.5415534741655,667,12.521338197768404,0
SAC,randomized,0,1.2,1.0,4,1603.9928095422397,482,8.987585051727462,0
SAC,randomized,0,1.2,1.0,5,1107.1837547061446,334,6.19589266214013,0
SAC,randomized,0,1.2,1.0,6,1130.7185721196677,334,6.3841374625930225,0
SAC,randomized,0,1.2,1.0,7,1482.8841397990404,435,8.394192018291408,0
SAC,randomized,0,1.2,1.0,8,1219.1429916717634,371,6.795879372308185,0
SAC,randomized,0,1.2,1.0,9,1134.3641739388804,336,6.397303523658318,0
SAC,randomized,0,1.2,1.25,0,1222.6393532772354,385,6.712125387070295,0
SAC,randomized,0,1.2,1.25,1,1100.9412839501979,334,6.145992405800028,0
SAC,randomized,0,1.2,1.25,2,969.0312958993547,306,5.314438442332344,0
SAC,randomized,0,1.2,1.25,3,977.5940978496968,302,5.4148651943736175,0
SAC,randomized,0,1.2,1.25,4,1223.006333545775,399,6.603281793044229,0
SAC,randomized,0,1.2,1.25,5,952.9961228923398,285,5.353863489326434,0
SAC,randomized,0,1.2,1.25,6,1191.849774338133,370,6.585572077188938,0
SAC,randomized,0,1.2,1.25,7,1247.2274643174455,389,6.876730904098472,0
SAC,randomized,0,1.2,1.25,8,966.8021587388938,289,5.4323107136026785,0
SAC,randomized,0,1.2,1.25,9,973.423275780841,307,5.341548690112574,0
SAC,randomized,0,1.2,1.5,0,382.4036065980812,148,1.8841045412131703,0
SAC,randomized,0,1.2,1.5,1,385.0080277470457,150,1.8890125801020148,0
SAC,randomized,0,1.2,1.5,2,381.7530719712569,149,1.8709120416498672,0
SAC,randomized,0,1.2,1.5,3,380.65174057441055,149,1.8621458043985462,0
SAC,randomized,0,1.2,1.5,4,386.81626542561804,150,1.9034230855906522,0
SAC,randomized,0,1.2,1.5,5,384.5209143872106,149,1.8930555601144088,0
SAC,randomized,0,1.2,1.5,6,382.4946799471812,149,1.8768598911822945,0
SAC,randomized,0,1.2,1.5,7,386.0394855589407,148,1.9132070081716503,0
SAC,randomized,0,1.2,1.5,8,384.4340032862736,148,1.9003446765600271,0
SAC,randomized,0,1.2,1.5,9,379.96373814956814,148,1.8646018734071204,0
SAC,randomized,0,1.4,0.5,0,543.3123241824632,194,2.8040526294445716,0
SAC,randomized,0,1.4,0.5,1,541.8601071678685,194,2.792451132891733,0
SAC,randomized,0,1.4,0.5,2,546.7025409342477,196,2.815130219044676,0
SAC,randomized,0,1.4,0.5,3,552.7061095051748,197,2.855176899283389,0
SAC,randomized,0,1.4,0.5,4,549.8782538402309,197,2.832519316839321,0
SAC,randomized,0,1.4,0.5,5,547.6719917691217,197,2.814902648476594,0
SAC,randomized,0,1.4,0.5,6,546.1697563817906,196,2.8108739717190994,0
SAC,randomized,0,1.4,0.5,7,547.0733706931895,195,2.826147124790534,0
SAC,randomized,0,1.4,0.5,8,545.4130987298996,194,2.820785635251261,0
SAC,randomized,0,1.4,0.5,9,548.1381812420235,197,2.818666420682832,0
SAC,randomized,0,1.4,0.75,0,971.9181351095484,332,5.129981537896626,0
SAC,randomized,0,1.4,0.75,1,1044.6320450196233,358,5.503697898620946,0
SAC,randomized,0,1.4,0.75,2,878.2247664709084,296,4.668184798395144,0
SAC,randomized,0,1.4,0.75,3,1017.1914167806362,352,5.332182847147465,0
SAC,randomized,0,1.4,0.75,4,972.0000092402306,332,5.130631183135027,0
SAC,randomized,0,1.4,0.75,5,963.6778310723289,330,5.080089935509488,0
SAC,randomized,0,1.4,0.75,6,877.493614634686,296,4.662318558360834,0
SAC,randomized,0,1.4,0.75,7,1110.8675729333966,379,5.8660799668558115,0
SAC,randomized,0,1.4,0.75,8,1024.7136222483368,353,5.384308305201111,0
SAC,randomized,0,1.4,0.75,9,1179.9762051926225,406,6.203124485310865,0
SAC,randomized,0,1.4,1.0,0,1034.399607174032,322,5.709659419395897,0
SAC,randomized,0,1.4,1.0,1,1124.8825627891285,349,6.2175894003135515,0
SAC,randomized,0,1.4,1.0,2,1099.8310967616437,341,6.0811088312991775,0
SAC,randomized,0,1.4,1.0,3,1259.0871482014657,391,6.955810116687838,0
SAC,randomized,0,1.4,1.0,4,1266.159238508514,392,7.004388058693741,0
SAC,randomized,0,1.4,1.0,5,1123.4319875924334,349,6.205986956687598,0
SAC,randomized,0,1.4,1.0,6,1061.9511247828984,331,5.858145832554351,0
SAC,randomized,0,1.4,1.0,7,1137.8744558528379,353,6.289546535456467,0
SAC,randomized,0,1.4,1.0,8,1029.007470922635,321,5.674560430456776,0
SAC,randomized,0,1.4,1.0,9,1109.7004028024783,344,6.136009102237093,0
SAC,randomized,0,1.4,1.25,0,865.8445084422268,267,4.800662906341533,0
SAC,randomized,0,1.4,1.25,1,959.9249228724861,307,5.2337946545426215,0
SAC,randomized,0,1.4,1.25,2,1012.3219597681064,319,5.5570711224056675,0
SAC,randomized,0,1.4,1.25,3,1034.858747861982,323,5.705432287746464,0
SAC,randomized,0,1.4,1.25,4,993.848574195851,316,5.433245062393751,0
SAC,randomized,0,1.4,1.25,5,969.3994681377972,310,5.285660850106757,0
SAC,randomized,0,1.4,1.25,6,982.6750248806094,313,5.367842860192575,0
SAC,randomized,0,1.4,1.25,7,970.1071777754453,304,5.339141129534421,0
SAC,randomized,0,1.4,1.25,8,889.746050553296,284,4.855994951300349,0
SAC,randomized,0,1.4,1.25,9,1022.0161746795225,322,5.610675876974502,0
SAC,randomized,0,1.4,1.5,0,387.2493957106916,148,1.9229759846344179,0
SAC,randomized,0,1.4,1.5,1,384.2312432531761,146,1.91474536904456,0
SAC,randomized,0,1.4,1.5,2,391.45946025964963,148,1.956682957937547,0
SAC,randomized,0,1.4,1.5,3,386.9306382150355,148,1.9204320493656981,0
SAC,randomized,0,1.4,1.5,4,388.95252616760865,148,1.9366065035892779,0
SAC,randomized,0,1.4,1.5,5,387.57858961106666,148,1.925577277805748,0
SAC,randomized,0,1.4,1.5,6,390.1636614188308,148,1.946283325539588,0
SAC,randomized,0,1.4,1.5,7,389.4832578621359,149,1.933037672891996,0
SAC,randomized,0,1.4,1.5,8,385.1772115043992,146,1.9223318812914008,0
SAC,randomized,0,1.4,1.5,9,389.2234003190166,147,1.9467615921842212,0
SAC,randomized,1,0.6,0.5,0,604.1895015092913,201,3.234685568966211,0
SAC,randomized,1,0.6,0.5,1,607.4776332958554,203,3.245012181260768,0
SAC,randomized,1,0.6,0.5,2,601.6227336328654,200,3.222168813980389,0
SAC,randomized,1,0.6,0.5,3,617.9787834263236,206,3.305061727581655,0
SAC,randomized,1,0.6,0.5,4,598.2039810798652,200,3.19480075687785,0
SAC,randomized,1,0.6,0.5,5,601.2902574550764,200,3.219495375061341,0
SAC,randomized,1,0.6,0.5,6,612.0646145668867,205,3.2657327987912326,0
SAC,randomized,1,0.6,0.5,7,603.1203535036901,200,3.2341308858751217,0
SAC,randomized,1,0.6,0.5,8,616.2931793257701,209,3.2676669325918604,0
SAC,randomized,1,0.6,0.5,9,607.8474422232546,200,3.2719009667735177,0
SAC,randomized,1,0.6,0.75,0,2708.1042609031874,844,14.92553073453458,0
SAC,randomized,1,0.6,0.75,1,2235.0146831942784,680,12.451885308859866,0
SAC,randomized,1,0.6,0.75,2,2647.5743585701393,824,14.60124850525099,0
SAC,randomized,1,0.6,0.75,3,3050.024045669695,1000,16.40569817143712,1
SAC,randomized,1,0.6,0.75,4,2204.9930266294928,667,12.315645026171321,0
SAC,randomized,1,0.6,0.75,5,1245.6508473630765,378,6.951240691375132,0
SAC,randomized,1,0.6,0.75,6,2912.9951386215416,916,15.989102622950211,0
SAC,randomized,1,0.6,0.75,7,3065.3431166206915,1000,16.528166147391794,1
SAC,randomized,1,0.6,0.75,8,2469.7077775437438,767,13.633928513307001,0
SAC,randomized,1,0.6,0.75,9,2822.9147726051406,868,15.652103859739196,0
SAC,randomized,1,0.6,1.0,0,3131.549019671612,1000,17.058435330466615,1
SAC,randomized,1,0.6,1.0,1,3120.6183261831998,1000,16.971398159117125,1
SAC,randomized,1,0.6,1.0,2,3138.698660620914,1000,17.11602435458799,1
SAC,randomized,1,0.6,1.0,3,3171.3909817412377,1000,17.377622149633602,1
SAC,randomized,1,0.6,1.0,4,3075.8726142566084,1000,16.61324518383321,1
SAC,randomized,1,0.6,1.0,5,3092.3384836184455,1000,16.744875786987436,1
SAC,randomized,1,0.6,1.0,6,3131.817766953667,1000,17.060860657333112,1
SAC,randomized,1,0.6,1.0,7,3137.3547606768993,1000,17.105279541215094,1
SAC,randomized,1,0.6,1.0,8,3118.372917509964,1000,16.953230457693095,1
SAC,randomized,1,0.6,1.0,9,3149.01956388943,1000,17.198440810633613,1
SAC,randomized,1,0.6,1.25,0,746.1306753040199,243,4.034380314949009,0
SAC,randomized,1,0.6,1.25,1,743.0020448390386,242,4.01734829295673,0
SAC,randomized,1,0.6,1.25,2,782.1031488100605,255,4.226198689482855,0
SAC,randomized,1,0.6,1.25,3,762.0445600434596,249,4.1137417327679335,0
SAC,randomized,1,0.6,1.25,4,711.8996624127429,227,3.8885817042114326,0
SAC,randomized,1,0.6,1.25,5,772.334421789339,255,4.148072215663686,0
SAC,randomized,1,0.6,1.25,6,714.6352645882381,237,3.830441537624726,0
SAC,randomized,1,0.6,1.25,7,730.8507454462302,236,3.9682075120181683,0
SAC,randomized,1,0.6,1.25,8,733.1004568571562,238,3.9702011864204727,0
SAC,randomized,1,0.6,1.25,9,705.8192685688467,235,3.775863519657301,0
SAC,randomized,1,0.6,1.5,0,387.59587404407404,148,1.9256110720069801,0
SAC,randomized,1,0.6,1.5,1,383.9831026958426,147,1.904706540675675,0
SAC,randomized,1,0.6,1.5,2,382.61331223998343,146,1.9017170993454344,0
SAC,randomized,1,0.6,1.5,3,387.07660309951234,147,1.9294292440209142,0
SAC,randomized,1,0.6,1.5,4,384.6755242172386,147,1.9102338344018788,0
SAC,randomized,1,0.6,1.5,5,386.6646861260767,147,1.9261608591001949,0
SAC,randomized,1,0.6,1.5,6,406.93553104379384,153,2.0402534980026923,0
SAC,randomized,1,0.6,1.5,7,380.889034400378,145,1.8959135679591954,0
SAC,randomized,1,0.6,1.5,8,383.63183460052846,146,1.9098427412187362,0
SAC,randomized,1,0.6,1.5,9,385.7409295546128,147,1.9187625873162264,0
SAC,randomized,1,0.8,0.5,0,582.5169267671982,194,3.1172988999768587,0
SAC,randomized,1,0.8,0.5,1,587.2615490099371,197,3.131268940889331,0
SAC,randomized,1,0.8,0.5,2,582.9278434577452,196,3.104596023924397,0
SAC,randomized,1,0.8,0.5,3,574.7095161046827,195,3.046888239357323,0
SAC,randomized,1,0.8,0.5,4,576.2213352991508,195,3.058962225906506,0
SAC,randomized,1,0.8,0.5,5,560.432523214523,194,2.940692684126533,0
SAC,randomized,1,0.8,0.5,6,581.3547370475113,195,3.0999876908365938,0
SAC,randomized,1,0.8,0.5,7,560.3742850702063,194,2.9402663742545885,0
SAC,randomized,1,0.8,0.5,8,584.4791826396773,196,3.1169769794149684,0
SAC,randomized,1,0.8,0.5,9,578.5825406838442,195,3.0778024468537124,0
SAC,randomized,1,0.8,0.75,0,795.9015589844154,246,4.4088120753465505,0
SAC,randomized,1,0.8,0.75,1,808.2518700994137,249,4.483567995595372,0
SAC,randomized,1,0.8,0.75,2,832.6055580009299,255,4.630406233014745,0
SAC,randomized,1,0.8,0.75,3,822.0846434784519,252,4.570222348773278,0
SAC,randomized,1,0.8,0.75,4,819.5897502366784,252,4.5503053799386945,0
SAC,randomized,1,0.8,0.75,5,817.0315184390146,250,4.545828351067794,0
SAC,randomized,1,0.8,0.75,6,828.9021504327673,254,4.608766396464291,0
SAC,randomized,1,0.8,0.75,7,804.6876021017271,248,4.463046333793222,0
SAC,randomized,1,0.8,0.75,8,813.3107765438172,250,4.51608578361168,0
SAC,randomized,1,0.8,0.75,9,798.9565190312436,247,4.42522980983413,0
SAC,randomized,1,0.8,1.0,0,3202.684721832471,1000,17.627792881386426,1
SAC,randomized,1,0.8,1.0,1,3172.8332932331036,1000,17.388790809300403,1
SAC,randomized,1,0.8,1.0,2,3176.022938000927,1000,17.41434882161625,1
SAC,randomized,1,0.8,1.0,3,3200.4501673748773,1000,17.610012699751096,1
SAC,randomized,1,0.8,1.0,4,3197.17851982389,1000,17.583717938026087,1
SAC,randomized,1,0.8,1.0,5,3195.443039133054,1000,17.56995732784336,1
SAC,randomized,1,0.8,1.0,6,3205.765692824554,1000,17.652463668112077,1
SAC,randomized,1,0.8,1.0,7,3201.450636003729,1000,17.617944994920748,1
SAC,randomized,1,0.8,1.0,8,3194.144794215806,1000,17.559467548337842,1
SAC,randomized,1,0.8,1.0,9,3198.854727752825,1000,17.597087357146883,1
SAC,randomized,1,0.8,1.25,0,1318.6986688079185,401,7.352031567349219,0
SAC,randomized,1,0.8,1.25,1,1310.8545427863448,399,7.305295122992525,0
SAC,randomized,1,0.8,1.25,2,1258.8148012997485,379,7.048800965271068,0
SAC,randomized,1,0.8,1.25,3,1309.5558877318506,408,7.2230583283662115,0
SAC,randomized,1,0.8,1.25,4,1326.208946379682,404,7.3881311902116105,0
SAC,randomized,1,0.8,1.25,5,1306.641621860744,394,7.31148272046139,0
SAC,randomized,1,0.8,1.25,6,854.9661291311614,261,4.761213333524551,0
SAC,randomized,1,0.8,1.25,7,1337.7954465174598,405,7.472872466403513,0
SAC,randomized,1,0.8,1.25,8,1322.9115331833343,410,7.314033096980264,0
SAC,randomized,1,0.8,1.25,9,1328.2143850837522,404,7.404312018870256,0
SAC,randomized,1,0.8,1.5,0,405.6229878127176,151,2.045730677150086,0
SAC,randomized,1,0.8,1.5,1,402.5936068902199,151,2.0215436808005327,0
SAC,randomized,1,0.8,1.5,2,404.04135866505845,151,2.0331205841274835,0
SAC,randomized,1,0.8,1.5,3,404.18853532964494,151,2.03428186929185,0
SAC,randomized,1,0.8,1.5,4,404.7762223048146,151,2.0390054654363454,0
SAC,randomized,1,0.8,1.5,5,403.55017525898364,150,2.0371458201105535,0
SAC,randomized,1,0.8,1.5,6,402.0117401876397,150,2.0248799252159917,0
SAC,randomized,1,0.8,1.5,7,402.83619295828436,150,2.031460581077851,0
SAC,randomized,1,0.8,1.5,8,403.4064236364769,150,2.0359918500429157,0
SAC,randomized,1,0.8,1.5,9,403.02381326576557,151,2.0249788730016056,0
SAC,randomized,1,1.0,0.5,0,539.8307015897992,187,2.831758801690102,0
SAC,randomized,1,1.0,0.5,1,539.3539794248445,184,2.8519052315477476,0
SAC,randomized,1,1.0,0.5,2,542.6843493063535,186,2.8625670559805596,0
SAC,randomized,1,1.0,0.5,3,540.8378449418365,187,2.8398495286265786,0
SAC,randomized,1,1.0,0.5,4,534.5525776932376,184,2.8135247293512817,0
SAC,randomized,1,1.0,0.5,5,543.8440588127532,186,2.8718715105965895,0
SAC,randomized,1,1.0,0.5,6,538.6841942849692,185,2.8385699804407123,0
SAC,randomized,1,1.0,0.5,7,536.0219394594632,185,2.817276577272371,0
SAC,randomized,1,1.0,0.5,8,542.9751282106515,185,2.8728749832731104,0
SAC,randomized,1,1.0,0.5,9,536.1140012164112,187,2.8020420115822984,0
SAC,randomized,1,1.0,0.75,0,593.0150121475501,200,3.1533243339850667,0
SAC,randomized,1,1.0,0.75,1,593.3452088616999,201,3.1479526843321755,0
SAC,randomized,1,1.0,0.75,2,595.6431305979784,202,3.15836101247716,0
SAC,randomized,1,1.0,0.75,3,590.3851735001579,200,3.1323054542962367,0
SAC,randomized,1,1.0,0.75,4,590.3044854499207,200,3.1316422864679603,0
SAC,randomized,1,1.0,0.75,5,593.4063330875163,201,3.1484639377578394,0
SAC,randomized,1,1.0,0.75,6,594.0675815608416,201,3.15369466807122,0
SAC,randomized,1,1.0,0.75,7,590.8884924407298,200,3.136305281368663,0
SAC,randomized,1,1.0,0.75,8,593.6560012514589,201,3.1504788166685738,0
SAC,randomized,1,1.0,0.75,9,592.9273455337908,201,3.144629940809408,0
SAC,randomized,1,1.0,1.0,0,3389.9602376713838,1000,19.125534698658317,1
SAC,randomized,1,1.0,1.0,1,3361.582048129459,1000,18.89858847484693,1
SAC,randomized,1,1.0,1.0,2,3323.234591238484,1000,18.591815205939874,1
SAC,randomized,1,1.0,1.0,3,2340.7632156692653,687,13.24201636497693,0
SAC,randomized,1,1.0,1.0,4,3318.8346418443775,1000,18.556554619191456,1
SAC,randomized,1,1.0,1.0,5,3325.0229471384428,1000,18.606110001237695,1
SAC,randomized,1,1.0,1.0,6,3347.501918619765,1000,18.785908161234758,1
SAC,randomized,1,1.0,1.0,7,3322.2549323718054,1000,18.58393528954816,1
SAC,randomized,1,1.0,1.0,8,2749.4526232669527,803,15.584399674528349,0
SAC,randomized,1,1.0,1.0,9,3324.595075371433,1000,18.60266217447361,1
SAC,randomized,1,1.0,1.25,0,1106.7578224784813,328,6.240065573099202,0
SAC,randomized,1,1.0,1.25,1,1225.1407688339089,356,6.963090597346656,0
SAC,randomized,1,1.0,1.25,2,1081.8014165498357,322,6.088408426751389,0
SAC,randomized,1,1.0,1.25,3,1069.9710942127451,319,6.0177596550789865,0
SAC,randomized,1,1.0,1.25,4,1111.101485549897,329,6.266843181842078,0
SAC,randomized,1,1.0,1.25,5,1042.2915599332573,307,5.892146955532272,0
SAC,randomized,1,1.0,1.25,6,1209.579146777642,352,6.870644369224531,0
SAC,randomized,1,1.0,1.25,7,1261.933391095799,366,7.177472514885362,0
SAC,randomized,1,1.0,1.25,8,1042.5057426662006,313,5.845970466205396,0
SAC,randomized,1,1.0,1.25,9,1123.0311552749306,331,6.346293231114433,0
SAC,randomized,1,1.0,1.5,0,401.44822721293167,149,2.0283761416656083,0
SAC,randomized,1,1.0,1.5,1,401.6866323002417,148,2.0383109615701693,0
SAC,randomized,1,1.0,1.5,2,392.22057687210327,145,1.986490187751213,0
SAC,randomized,1,1.0,1.5,3,405.73782302350344,149,2.062615296937621,0
SAC,randomized,1,1.0,1.5,4,406.20424906316345,150,2.05835445585965,0
SAC,randomized,1,1.0,1.5,5,394.7363176426237,146,1.998626450470753,0
SAC,randomized,1,1.0,1.5,6,404.7362226474245,149,2.0545875672075424,0
SAC,randomized,1,1.0,1.5,7,402.39036356690565,148,2.0439427790213514,0
SAC,randomized,1,1.0,1.5,8,403.0067104129092,148,2.0487376433619295,0
SAC,randomized,1,1.0,1.5,9,399.98382819805147,147,2.0326759550179028,0
SAC,randomized,1,1.2,0.5,0,488.72853958244434,173,2.53480955178187,0
SAC,randomized,1,1.2,0.5,1,501.3050923112907,178,2.5955099594985316,0
SAC,randomized,1,1.2,0.5,2,499.61440749452413,176,2.59791334315505,0
SAC,randomized,1,1.2,0.5,3,508.8418259252663,181,2.631845032913417,0
SAC,randomized,1,1.2,0.5,4,492.89499710893523,174,2.5601623725565785,0
SAC,randomized,1,1.2,0.5,5,500.888129492813,177,2.600145734226598,0
SAC,randomized,1,1.2,0.5,6,491.2288749656681,172,2.5628112785023656,0
SAC,randomized,1,1.2,0.5,7,503.00721382324053,178,2.6091023804802655,0
SAC,randomized,1,1.2,0.5,8,506.8780983169013,180,2.6241594591510893,0
SAC,randomized,1,1.2,0.5,9,504.39326840951827,179,2.612223674240177,0
SAC,randomized,1,1.2,0.75,0,546.9644962980917,185,2.9048178580679616,0
SAC,randomized,1,1.2,0.75,1,546.1971450873228,185,2.898692291350241,0
SAC,randomized,1,1.2,0.75,2,549.9892672866716,186,2.921010150394184,0
SAC,randomized,1,1.2,0.75,3,552.2867472660389,187,2.9313930823582806,0
SAC,randomized,1,1.2,0.75,4,548.2222617244904,185,2.91486441000131,0
SAC,randomized,1,1.2,0.75,5,549.8659354491726,186,2.9200437512453883,0
SAC,randomized,1,1.2,0.75,6,548.6076263563931,186,2.9099457979108747,0
SAC,randomized,1,1.2,0.75,7,552.9094754993755,187,2.9363636207255865,0
SAC,randomized,1,1.2,0.75,8,545.2815891029919,185,2.8913685327933707,0
SAC,randomized,1,1.2,0.75,9,547.1229962735616,185,2.906092831210594,0
SAC,randomized,1,1.2,1.0,0,828.4277762235865,253,4.612943749804644,0
SAC,randomized,1,1.2,1.0,1,808.7344179895367,248,4.495403046673575,0
SAC,randomized,1,1.2,1.0,2,820.460143379735,251,4.565208009145667,0
SAC,randomized,1,1.2,1.0,3,813.2626564310779,250,4.515629422153452,0
SAC,randomized,1,1.2,1.0,4,793.1109911562667,244,4.402403536978924,0
SAC,randomized,1,1.2,1.0,5,825.472082372854,253,4.589334748174705,0
SAC,randomized,1,1.2,1.0,6,796.1125322430113,245,4.418424780870949,0
SAC,randomized,1,1.2,1.0,7,839.5354836907538,255,4.6858209235289685,0
SAC,randomized,1,1.2,1.0,8,773.7675141245921,239,4.287650787741828,0
SAC,randomized,1,1.2,1.0,9,810.6072054363722,249,4.502384755788522,0
SAC,randomized,1,1.2,1.25,0,947.4430369487199,278,5.364933375813121,0
SAC,randomized,1,1.2,1.25,1,946.2901423489686,279,5.347714754912824,0
SAC,randomized,1,1.2,1.25,2,936.1710596291849,274,5.306748544270229,0
SAC,randomized,1,1.2,1.25,3,933.2350087071684,273,5.291278389643925,0
SAC,randomized,1,1.2,1.25,4,945.1205079718876,277,5.3543439215982644,0
SAC,randomized,1,1.2,1.25,5,942.1211262485338,278,5.322361548139763,0
SAC,randomized,1,1.2,1.25,6,948.3657097799105,279,5.3643152926125515,0
SAC,randomized,1,1.2,1.25,7,940.8982078030743,276,5.328584656252553,0
SAC,randomized,1,1.2,1.25,8,935.048585472889,278,5.265855113779255,0
SAC,randomized,1,1.2,1.25,9,936.625407129488,274,5.310366721365644,0
SAC,randomized,1,1.2,1.5,0,394.09468737895287,146,1.99346436232814,0
SAC,randomized,1,1.2,1.5,1,405.36695436677724,149,2.0596840477475387,0
SAC,randomized,1,1.2,1.5,2,401.66557045770855,148,2.0380980002882336,0
SAC,randomized,1,1.2,1.5,3,405.5214664091474,149,2.0608782520086777,0
SAC,randomized,1,1.2,1.5,4,404.77753376156693,148,2.0629489487377377,0
SAC,randomized,1,1.2,1.5,5,403.0662433522125,148,2.0492707203965153,0
SAC,randomized,1,1.2,1.5,6,405.12511727236745,148,2.0657301073486534,0
SAC,randomized,1,1.2,1.5,7,401.67373319176,147,2.046121075988994,0
SAC,randomized,1,1.2,1.5,8,399.83797594991097,146,2.0393920098363707,0
SAC,randomized,1,1.2,1.5,9,402.2525547965681,148,2.0427217249360905,0
SAC,randomized,1,1.4,0.5,0,459.0151391559324,166,2.3531251647978566,0
SAC,randomized,1,1.4,0.5,1,462.9214760286096,167,2.3763808369716353,0
SAC,randomized,1,1.4,0.5,2,467.47974103640627,169,2.3968368502446213,0
SAC,randomized,1,1.4,0.5,3,464.6463725045808,166,2.398178950038672,0
SAC,randomized,1,1.4,0.5,4,459.57559738406286,165,2.365613583992208,0
SAC,randomized,1,1.4,0.5,5,463.53082121067774,167,2.3812312710189056,0
SAC,randomized,1,1.4,0.5,6,459.60557156878497,165,2.3658452793588376,0
SAC,randomized,1,1.4,0.5,7,468.90977399035853,170,2.400359866422218,0
SAC,randomized,1,1.4,0.5,8,460.40322055025825,165,2.3722428300633216,0
SAC,randomized,1,1.4,0.5,9,463.6644241805526,167,2.3823001307534337,0
SAC,randomized,1,1.4,0.75,0,488.4307339616695,169,2.5645152824268846,0
SAC,randomized,1,1.4,0.75,1,491.56591259123127,170,2.5815993234124432,0
SAC,randomized,1,1.4,0.75,2,484.2973255872965,168,2.5394689954924825,0
SAC,randomized,1,1.4,0.75,3,487.2960393454122,169,2.5554524244105696,0
SAC,randomized,1,1.4,0.75,4,489.89628668424206,170,2.5682131182025096,0
SAC,randomized,1,1.4,0.75,5,483.9989213473671,168,2.5370888663691424,0
SAC,randomized,1,1.4,0.75,6,488.0644301702245,169,2.5615891773504336,0
SAC,randomized,1,1.4,0.75,7,486.39303116777546,169,2.5482498159031364,0
SAC,randomized,1,1.4,0.75,8,487.78162271295105,169,2.55932944115398,0
SAC,randomized,1,1.4,0.75,9,489.4736977956922,170,2.564869455422037,0
SAC,randomized,1,1.4,1.0,0,603.6195952329963,199,3.2461470849056937,0
SAC,randomized,1,1.4,1.0,1,602.0913984002136,198,3.2419224874728663,0
SAC,randomized,1,1.4,1.0,2,596.5817418687315,197,3.2058609113806242,0
SAC,randomized,1,1.4,1.0,3,608.7831214567801,200,3.2795173226911363,0
SAC,randomized,1,1.4,1.0,4,606.6199281021145,199,3.270184927374191,0
SAC,randomized,1,1.4,1.0,5,598.1783918934352,197,3.2186515240054376,0
SAC,randomized,1,1.4,1.0,6,601.5378974208622,198,3.237491193609935,0
SAC,randomized,1,1.4,1.0,7,591.1115608275036,195,3.1780888821995292,0
SAC,randomized,1,1.4,1.0,8,603.5356607532182,199,3.2454924851244047,0
SAC,randomized,1,1.4,1.0,9,600.8559777716633,198,3.232062417848896,0
SAC,randomized,1,1.4,1.25,0,672.9319054601734,216,3.664741143365256,0
SAC,randomized,1,1.4,1.25,1,681.0750909968184,218,3.71391548728264,0
SAC,randomized,1,1.4,1.25,2,699.8021480780397,223,3.8237345814151658,0
SAC,randomized,1,1.4,1.25,3,682.0021352519431,219,3.7133443815339073,0
SAC,randomized,1,1.4,1.25,4,680.0945063576405,218,3.7060729775970764,0
SAC,randomized,1,1.4,1.25,5,667.554440595532,215,3.6296848484833046,0
SAC,randomized,1,1.4,1.25,6,664.086709671658,215,3.6019295968743177,0
SAC,randomized,1,1.4,1.25,7,679.3854009055585,218,3.7003781994658964,0
SAC,randomized,1,1.4,1.25,8,664.2899416674401,215,3.6035378578581416,0
SAC,randomized,1,1.4,1.25,9,676.4207237627614,217,3.684660476880078,0
SAC,randomized,1,1.4,1.5,0,410.08395127109367,149,2.0973876762663473,0
SAC,randomized,1,1.4,1.5,1,408.7078312223006,148,2.094368100326623,0
SAC,randomized,1,1.4,1.5,2,405.1472372742758,147,2.07382935631625,0
SAC,randomized,1,1.4,1.5,3,408.15467015492493,149,2.081961889964428,0
SAC,randomized,1,1.4,1.5,4,406.3752399394769,148,2.0756680661848987,0
SAC,randomized,1,1.4,1.5,5,405.84757978152805,149,2.063505670901961,0
SAC,randomized,1,1.4,1.5,6,403.4378550725425,148,2.0522117425613486,0
SAC,randomized,1,1.4,1.5,7,405.78547240670997,149,2.062988689108782,0
SAC,randomized,1,1.4,1.5,8,406.4705169285495,147,2.084471109316001,0
SAC,randomized,1,1.4,1.5,9,404.17166068509505,147,2.06602471183531,0
SAC,randomized,2,0.6,0.5,0,801.7515175436063,257,4.367236790913842,0
SAC,randomized,2,0.6,0.5,1,770.2123865907225,247,4.194962616206717,0
SAC,randomized,2,0.6,0.5,2,789.7116245247626,252,4.310974236540119,0
SAC,randomized,2,0.6,0.5,3,782.8598938819983,251,4.264145084775969,0
SAC,randomized,2,0.6,0.5,4,725.1350293059538,235,3.93040281772473,0
SAC,randomized,2,0.6,0.5,5,659.1106906534894,219,3.530141192037407,0
SAC,randomized,2,0.6,0.5,6,758.0328197180668,244,4.121497569543422,0
SAC,randomized,2,0.6,0.5,7,692.4352473088405,227,3.7327877689555513,0
SAC,randomized,2,0.6,0.5,8,758.990240841238,244,4.129168880527859,0
SAC,randomized,2,0.6,0.5,9,770.0781773555473,248,4.185883868198224,0
SAC,randomized,2,0.6,0.75,0,3079.7609963524224,1000,16.64225136296672,1
SAC,randomized,2,0.6,0.75,1,3095.667332561369,1000,16.769471094096488,1
SAC,randomized,2,0.6,0.75,2,3080.869873778068,1000,16.65122572913313,1
SAC,randomized,2,0.6,0.75,3,3086.8820753996365,1000,16.699321836898886,1
SAC,randomized,2,0.6,0.75,4,3099.5345905706736,1000,16.80047126872256,1
SAC,randomized,2,0.6,0.75,5,3098.0099157027767,1000,16.788210984927602,1
SAC,randomized,2,0.6,0.75,6,3125.807963573605,1000,17.010567661217372,1
SAC,randomized,2,0.6,0.75,7,3109.6587655499293,1000,16.881427506448173,1
SAC,randomized,2,0.6,0.75,8,3091.5901008849255,1000,16.736875567896966,1
SAC,randomized,2,0.6,0.75,9,3103.4161003690174,1000,16.831476903094114,1
SAC,randomized,2,0.6,1.0,0,2607.6767650895217,813,14.369279567808684,0
SAC,randomized,2,0.6,1.0,1,2806.297908883094,887,15.366681065899416,0
SAC,randomized,2,0.6,1.0,2,2651.784388995081,838,14.522555529929646,0
SAC,randomized,2,0.6,1.0,3,2950.0379628106666,934,16.14080108637699,0
SAC,randomized,2,0.6,1.0,4,3019.0153228379577,1000,16.15700255823105,1
SAC,randomized,2,0.6,1.0,5,3133.4817436628814,1000,17.07297985260483,1
SAC,randomized,2,0.6,1.0,6,1388.564959895868,432,7.662796903504763,0
SAC,randomized,2,0.6,1.0,7,2623.8795486097606,817,14.467042432137966,0
SAC,randomized,2,0.6,1.0,8,3044.3284356246972,1000,16.359495333846247,1
SAC,randomized,2,0.6,1.0,9,3089.5592525316433,1000,16.720965054309175,1
SAC,randomized,2,0.6,1.25,0,618.5752594885831,201,3.34968472478302,0
SAC,randomized,2,0.6,1.25,1,544.2016640002984,185,2.8827193888827045,0
SAC,randomized,2,0.6,1.25,2,520.9321133693178,182,2.720492412137601,0
SAC,randomized,2,0.6,1.25,3,685.1299162378815,219,3.738208774805817,0
SAC,randomized,2,0.6,1.25,4,546.8693447133861,185,2.904062824830012,0
SAC,randomized,2,0.6,1.25,5,614.1125513197446,201,3.3140730700678804,0
SAC,randomized,2,0.6,1.25,6,521.6427776784458,182,2.7261834033214556,0
SAC,randomized,2,0.6,1.25,7,684.0958931346141,218,3.7379488390747424,0
SAC,randomized,2,0.6,1.25,8,523.4079781358141,180,2.756327149625775,0
SAC,randomized,2,0.6,1.25,9,559.8966368438242,188,2.984269826146442,0
SAC,randomized,2,0.6,1.5,0,405.03266422621675,156,2.0010886202481717,0
SAC,randomized,2,0.6,1.5,1,405.91882562799174,156,2.008174132631615,0
SAC,randomized,2,0.6,1.5,2,409.33385150276735,154,2.0515151279111676,0
SAC,randomized,2,0.6,1.5,3,403.2673873247788,155,1.9949692314720489,0
SAC,randomized,2,0.6,1.5,4,403.01927664147337,155,1.992962017845052,0
SAC,randomized,2,0.6,1.5,5,407.0898302769374,156,2.017537665770325,0
SAC,randomized,2,0.6,1.5,6,403.92294369370586,154,2.008221481471237,0
SAC,randomized,2,0.6,1.5,7,404.88471884719974,155,2.0078900698273032,0
SAC,randomized,2,0.6,1.5,8,401.2191663736409,154,1.9865825796486012,0
SAC,randomized,2,0.6,1.5,9,403.54140009847197,155,1.9971573085041032,0
SAC,randomized,2,0.8,0.5,0,845.6569222689145,289,4.462875840369708,0
SAC,randomized,2,0.8,0.5,1,879.0253146233819,292,4.705828212225527,0
SAC,randomized,2,0.8,0.5,2,878.8621202488315,292,4.704508407551407,0
SAC,randomized,2,0.8,0.5,3,752.4092547950968,257,3.972484216502632,0
SAC,randomized,2,0.8,0.5,4,821.1208545048952,279,4.346486067092143,0
SAC,randomized,2,0.8,0.5,5,808.2420591741841,274,4.283469617243736,0
SAC,randomized,2,0.8,0.5,6,951.2810468797819,319,5.067872094699468,0
SAC,randomized,2,0.8,0.5,7,778.6036420530938,265,4.118088923633057,0
SAC,randomized,2,0.8,0.5,8,721.1309239476051,249,3.7862729549909524,0
SAC,randomized,2,0.8,0.5,9,726.605908871674,249,3.830072133675569,0
SAC,randomized,2,0.8,0.75,0,3026.728534973229,1000,16.218187823241692,1
SAC,randomized,2,0.8,0.75,1,3025.083259586051,1000,16.204959219980942,1
SAC,randomized,2,0.8,0.75,2,3031.788970789483,1000,16.258768450423315,1
SAC,randomized,2,0.8,0.75,3,3024.5607100708885,1000,16.20091770757696,1
SAC,randomized,2,0.8,0.75,4,3021.0693884768675,1000,16.172886645122187,1
SAC,randomized,2,0.8,0.75,5,3028.0290174583097,1000,16.228602906862744,1
SAC,randomized,2,0.8,0.75,6,3025.4850829907896,1000,16.208212155369267,1
SAC,randomized,2,0.8,0.75,7,3028.0472600883195,1000,16.228737732551057,1
SAC,randomized,2,0.8,0.75,8,3013.680253397754,1000,16.113772125528335,1
SAC,randomized,2,0.8,0.75,9,3019.2035420420166,1000,16.157984781745473,1
SAC,randomized,2,0.8,1.0,0,3258.2783907219446,1000,18.071115924249224,1
SAC,randomized,2,0.8,1.0,1,3259.3466305222996,1000,18.07962440337428,1
SAC,randomized,2,0.8,1.0,2,3269.9212558668664,1000,18.164264944132828,1
SAC,randomized,2,0.8,1.0,3,3250.713185990363,1000,18.010588305948247,1
SAC,randomized,2,0.8,1.0,4,3252.7413565191414,1000,18.0268048742974,1
SAC,randomized,2,0.8,1.0,5,3260.4598128009625,1000,18.08855751081588,1
SAC,randomized,2,0.8,1.0,6,3249.432343796366,1000,18.00037543923844,1
SAC,randomized,2,0.8,1.0,7,3252.0042727478412,1000,18.020839092781177,1
SAC,randomized,2,0.8,1.0,8,3253.0655476017864,1000,18.029430410082433,1
SAC,randomized,2,0.8,1.0,9,3249.0024315395985,1000,17.99686569346606,1
SAC,randomized,2,0.8,1.25,0,1326.032771203942,438,7.114437646566142,0
SAC,randomized,2,0.8,1.25,1,805.8342166958327,256,4.408063688098664,0
SAC,randomized,2,0.8,1.25,2,787.139787179261,246,4.338469523218436,0
SAC,randomized,2,0.8,1.25,3,807.7404416215805,257,4.4155713193040205,0
SAC,randomized,2,0.8,1.25,4,813.4649877359585,254,4.485114680079473,0
SAC,randomized,2,0.8,1.25,5,809.3635615204348,258,4.420558167021305,0
SAC,randomized,2,0.8,1.25,6,814.2195115284165,253,4.499127539551185,0
SAC,randomized,2,0.8,1.25,7,1239.5237645630655,379,6.894329481454459,0
SAC,randomized,2,0.8,1.25,8,695.8157314598491,224,3.7835928981034344,0
SAC,randomized,2,0.8,1.25,9,782.3991742907572,244,4.316509848356643,0
SAC,randomized,2,0.8,1.5,0,407.8244980265549,155,2.031349550396193,0
SAC,randomized,2,0.8,1.5,1,410.58357149488455,156,2.045408357029108,0
SAC,randomized,2,0.8,1.5,2,413.55772386565616,156,2.0692645633882165,0
SAC,randomized,2,0.8,1.5,3,408.2371912517654,155,2.034637469089186,0
SAC,randomized,2,0.8,1.5,4,406.6162132982391,155,2.0217011247816274,0
SAC,randomized,2,0.8,1.5,5,403.60364539993554,153,2.013582750190259,0
SAC,randomized,2,0.8,1.5,6,406.69563798746617,155,2.0222900740741423,0
SAC,randomized,2,0.8,1.5,7,405.84098800864734,154,2.02349083520659,0
SAC,randomized,2,0.8,1.5,8,405.0024449410681,154,2.01677421263441,0
SAC,randomized,2,0.8,1.5,9,410.8846639631586,156,2.047839544203129,0
SAC,randomized,2,1.0,0.5,0,672.6634234075768,226,3.5826901568029257,0
SAC,randomized,2,1.0,0.5,1,705.6376491936829,240,3.7343367869564292,0
SAC,randomized,2,1.0,0.5,2,703.5650414802078,239,3.725770213934645,0
SAC,randomized,2,1.0,0.5,3,710.6059783790206,241,3.766096157121234,0
SAC,randomized,2,1.0,0.5,4,705.5566517044028,241,3.725700363294752,0
SAC,randomized,2,1.0,0.5,5,716.3857916422477,244,3.7883175091573302,0
SAC,randomized,2,1.0,0.5,6,692.7731604637708,236,3.663476964935121,0
SAC,randomized,2,1.0,0.5,7,707.6315723032725,241,3.742308089658043,0
SAC,randomized,2,1.0,0.5,8,688.971190478722,233,3.657139034562685,0
SAC,randomized,2,1.0,0.5,9,681.4646109854312,230,3.6210766952734263,0
SAC,randomized,2,1.0,0.75,0,1081.7330911966333,347,5.887626756172801,0
SAC,randomized,2,1.0,0.75,1,1057.719508784044,339,5.759458870013089,0
SAC,randomized,2,1.0,0.75,2,1051.1597773727603,336,5.730979577277932,0
SAC,randomized,2,1.0,0.75,3,1084.7254919755617,353,5.863634976984708,0
SAC,randomized,2,1.0,0.75,4,1087.8538757394094,351,5.904682421212981,0
SAC,randomized,2,1.0,0.75,5,1207.6508164411846,379,6.639415064229844,0
SAC,randomized,2,1.0,0.75,6,1088.782860046653,350,5.920099719134765,0
SAC,randomized,2,1.0,0.75,7,1048.5018544158165,335,5.717686162714979,0
SAC,randomized,2,1.0,0.75,8,1085.5117114421791,350,5.893842655406779,0
SAC,randomized,2,1.0,0.75,9,1202.5498406394738,381,6.582598316648997,0
SAC,randomized,2,1.0,1.0,0,3228.62626829452,1000,17.833767932077553,1
SAC,randomized,2,1.0,1.0,1,3249.431221024324,1000,18.000310817231423,1
SAC,randomized,2,1.0,1.0,2,3240.6183792284423,1000,17.929782486121184,1
SAC,randomized,2,1.0,1.0,3,3230.2667210234436,1000,17.846883140569673,1
SAC,randomized,2,1.0,1.0,4,3243.7790133001595,1000,17.95508473050886,1
SAC,randomized,2,1.0,1.0,5,3226.7282349663,1000,17.818553123170123,1
SAC,randomized,2,1.0,1.0,6,3243.710367213528,1000,17.954516602228008,1
SAC,randomized,2,1.0,1.0,7,3244.3716470203713,1000,17.959752366690697,1
SAC,randomized,2,1.0,1.0,8,3250.0300286769098,1000,18.005089860058046,1
SAC,randomized,2,1.0,1.0,9,3227.9730371654446,1000,17.828550080634578,1
SAC,randomized,2,1.0,1.25,0,1330.9225188267772,421,7.289720279016019,0
SAC,randomized,2,1.0,1.25,1,1443.9405070908708,447,7.985904033861716,0
SAC,randomized,2,1.0,1.25,2,1393.238160088658,420,7.796382767694074,0
SAC,randomized,2,1.0,1.25,3,1037.3148226928317,327,5.692351114427134,0
SAC,randomized,2,1.0,1.25,4,1340.6815489350336,424,7.343910589952703,0
SAC,randomized,2,1.0,1.25,5,1329.828144753708,417,7.312961170470594,0
SAC,randomized,2,1.0,1.25,6,878.7009336621621,277,4.823183522209027,0
SAC,randomized,2,1.0,1.25,7,1357.4183763335404,418,7.525694510669286,0
SAC,randomized,2,1.0,1.25,8,1328.566672323788,403,7.41470149944742,0
SAC,randomized,2,1.0,1.25,9,1346.6421123121434,424,7.391304258969584,0
SAC,randomized,2,1.0,1.5,0,407.51976949731477,154,2.036857939812444,0
SAC,randomized,2,1.0,1.5,1,408.2134410686379,154,2.042435150500341,0
SAC,randomized,2,1.0,1.5,2,409.6725407677904,154,2.0540563535226712,0
SAC,randomized,2,1.0,1.5,3,408.00879529841296,154,2.0407319447868777,0
SAC,randomized,2,1.0,1.5,4,409.8321349123124,155,2.047335032980274,0
SAC,randomized,2,1.0,1.5,5,411.05743075357515,155,2.0571631878134564,0
SAC,randomized,2,1.0,1.5,6,410.153312091645,154,2.057913373057368,0
SAC,randomized,2,1.0,1.5,7,411.1219523637602,155,2.0576447801803215,0
SAC,randomized,2,1.0,1.5,8,399.45687718488995,150,2.0043546441788704,0
SAC,randomized,2,1.0,1.5,9,409.0105454819877,154,2.0487850581064744,0
SAC,randomized,2,1.2,0.5,0,652.8070783448397,222,3.455866133504602,0
SAC,randomized,2,1.2,0.5,1,622.2458872961259,213,3.2833465357017717,0
SAC,randomized,2,1.2,0.5,2,552.7210703066655,197,2.854797926749791,0
SAC,randomized,2,1.2,0.5,3,625.623958242322,212,3.318388587557407,0
SAC,randomized,2,1.2,0.5,4,620.4401789042178,212,3.2769205561961026,0
SAC,randomized,2,1.2,0.5,5,623.8925099602969,212,3.304573513897561,0
SAC,randomized,2,1.2,0.5,6,613.5657706518664,211,3.2299626311890033,0
SAC,randomized,2,1.2,0.5,7,658.1311498663147,224,3.482448197363743,0
SAC,randomized,2,1.2,0.5,8,650.5574560126103,220,3.4538817725562256,0
SAC,randomized,2,1.2,0.5,9,654.5908666474816,222,3.470079827301223,0
SAC,randomized,2,1.2,0.75,0,829.0177992613354,282,4.385560143381158,0
SAC,randomized,2,1.2,0.75,1,878.4077416748171,296,4.669044652753696,0
SAC,randomized,2,1.2,0.75,2,826.6422168935155,282,4.366536839078506,0
SAC,randomized,2,1.2,0.75,3,942.6758599938128,314,5.0391940329415315,0
SAC,randomized,2,1.2,0.75,4,827.0274918428006,282,4.369664068056614,0
SAC,randomized,2,1.2,0.75,5,822.5815247915978,280,4.350079759691255,0
SAC,randomized,2,1.2,0.75,6,825.3047559572126,281,4.363878264156226,0
SAC,randomized,2,1.2,0.75,7,820.4480683136591,278,4.348943259999805,0
SAC,randomized,2,1.2,0.75,8,854.9342248427954,290,4.52918606103127,0
SAC,randomized,2,1.2,0.75,9,876.8496704185704,294,4.672540153311876,0
SAC,randomized,2,1.2,1.0,0,3244.984712836426,1000,17.965418140663342,1
SAC,randomized,2,1.2,1.0,1,3264.387825597069,1000,18.120575527959208,1
SAC,randomized,2,1.2,1.0,2,3252.065273030124,1000,18.02201458908177,1
SAC,randomized,2,1.2,1.0,3,3261.8523976331358,1000,18.10041974770711,1
SAC,randomized,2,1.2,1.0,4,3248.37617847735,1000,17.992469428900897,1
SAC,randomized,2,1.2,1.0,5,3268.3463618965193,1000,18.152308092336515,1
SAC,randomized,2,1.2,1.0,6,3269.501133071958,1000,18.16161415952466,1
SAC,randomized,2,1.2,1.0,7,3269.0830172459346,1000,18.15816623243323,1
SAC,randomized,2,1.2,1.0,8,3249.410360582451,1000,18.00075203863954,1
SAC,randomized,2,1.2,1.0,9,3246.3420484580474,1000,17.976233715223803,1
SAC,randomized,2,1.2,1.25,0,3429.4440603133294,1000,19.44140258326434,1
SAC,randomized,2,1.2,1.25,1,3424.59422691927,1000,19.402503408535924,1
SAC,randomized,2,1.2,1.25,2,3408.1516753940805,1000,19.270984591557692,1
SAC,randomized,2,1.2,1.25,3,3436.9610710837633,1000,19.501589124151845,1
SAC,randomized,2,1.2,1.25,4,3426.586278281351,1000,19.418717357391593,1
SAC,randomized,2,1.2,1.25,5,3437.2594915822224,1000,19.503974142503996,1
SAC,randomized,2,1.2,1.25,6,3403.966121842223,1000,19.237508346791895,1
SAC,randomized,2,1.2,1.25,7,3446.0452530899584,1000,19.574325722291356,1
SAC,randomized,2,1.2,1.25,8,3454.483824868475,1000,19.64175894204767,1
SAC,randomized,2,1.2,1.25,9,3416.416199158833,1000,19.337043340985492,1
SAC,randomized,2,1.2,1.5,0,413.10541116602184,155,2.0734982467558933,0
SAC,randomized,2,1.2,1.5,1,419.29331878808114,157,2.107040899064273,0
SAC,randomized,2,1.2,1.5,2,412.1855300384792,155,2.066181353415475,0
SAC,randomized,2,1.2,1.5,3,414.023249908938,155,2.0808461974155956,0
SAC,randomized,2,1.2,1.5,4,412.7693349902608,155,2.0708235329204205,0
SAC,randomized,2,1.2,1.5,5,415.8175668070568,156,2.0872387630424623,0
SAC,randomized,2,1.2,1.5,6,416.6557949669658,156,2.0939438828055845,0
SAC,randomized,2,1.2,1.5,7,408.5842857698715,153,2.0533274205476593,0
SAC,randomized,2,1.2,1.5,8,409.32117558304543,153,2.0592528362642475,0
SAC,randomized,2,1.2,1.5,9,409.23134084320384,154,2.050500463147567,0
SAC,randomized,2,1.4,0.5,0,510.9097837732861,184,2.624270694638116,0
SAC,randomized,2,1.4,0.5,1,497.7286676175975,180,2.550789366146501,0
SAC,randomized,2,1.4,0.5,2,524.4817629360789,189,2.692901012124516,0
SAC,randomized,2,1.4,0.5,3,524.1069757041764,189,2.6899032432905057,0
SAC,randomized,2,1.4,0.5,4,535.8323075572812,193,2.7516841782571566,0
SAC,randomized,2,1.4,0.5,5,526.7627499007488,190,2.703086534753925,0
SAC,randomized,2,1.4,0.5,6,526.1435073309539,190,2.698153201426348,0
SAC,randomized,2,1.4,0.5,7,517.1212242576199,182,2.6898516348830768,0
SAC,randomized,2,1.4,0.5,8,514.098501427099,186,2.6337432796585265,0
SAC,randomized,2,1.4,0.5,9,532.1971734614795,192,2.7305673898786855,0
SAC,randomized,2,1.4,0.75,0,697.3567838655201,236,3.700284588468682,0
SAC,randomized,2,1.4,0.75,1,673.518571737365,226,3.5895937526813966,0
SAC,randomized,2,1.4,0.75,2,833.8331208724771,288,4.376467118338662,0
SAC,randomized,2,1.4,0.75,3,685.0335670090527,230,3.6497054721480464,0
SAC,randomized,2,1.4,0.75,4,626.6891198011656,213,3.318923206421479,0
SAC,randomized,2,1.4,0.75,5,780.4735650476343,274,4.06112449591857,0
SAC,randomized,2,1.4,0.75,6,778.1638784167452,266,4.106688641177862,0
SAC,randomized,2,1.4,0.75,7,697.9739018338743,236,3.7052193492723555,0
SAC,randomized,2,1.4,0.75,8,696.2545752875411,235,3.6994562533575777,0
SAC,randomized,2,1.4,0.75,9,701.0084602925923,236,3.7294682775290036,0
SAC,randomized,2,1.4,1.0,0,1198.9473713758298,374,6.609930393231037,0
SAC,randomized,2,1.4,1.0,1,1217.4106453707197,376,6.741656543883339,0
SAC,randomized,2,1.4,1.0,2,1315.4624858473892,409,7.262026233656188,0
SAC,randomized,2,1.4,1.0,3,1181.248151269644,366,6.532256988527224,0
SAC,randomized,2,1.4,1.0,4,1098.121260371104,343,6.050870718352361,0
SAC,randomized,2,1.4,1.0,5,1050.4506926814058,325,5.813470735594064,0
SAC,randomized,2,1.4,1.0,6,1110.9832028293993,347,6.121769759182681,0
SAC,randomized,2,1.4,1.0,7,1084.1935180654286,337,5.987422907746915,0
SAC,randomized,2,1.4,1.0,8,1113.4714194023543,349,6.125657245215479,0
SAC,randomized,2,1.4,1.0,9,1135.710005279412,357,6.239666008234173,0
SAC,randomized,2,1.4,1.25,0,979.2382220178546,299,5.451754774251869,0
SAC,randomized,2,1.4,1.25,1,1000.5794991330409,304,5.582457577486569,0
SAC,randomized,2,1.4,1.25,2,972.7069473912937,298,5.40750229692942,0
SAC,randomized,2,1.4,1.25,3,1187.605873406229,366,6.582790042610109,0
SAC,randomized,2,1.4,1.25,4,915.9489623775429,284,5.065101597488011,0
SAC,randomized,2,1.4,1.25,5,1064.867733682456,320,5.968807650585052,0
SAC,randomized,2,1.4,1.25,6,984.2957739162707,301,5.4762485674966195,0
SAC,randomized,2,1.4,1.25,7,993.8103660059113,304,5.528329788344544,0
SAC,randomized,2,1.4,1.25,8,1155.703964601269,350,6.455510660026589,0
SAC,randomized,2,1.4,1.25,9,1044.0909414738821,317,5.826541817213316,0
SAC,randomized,2,1.4,1.5,0,420.20272828671625,154,2.1385099154151304,0
SAC,randomized,2,1.4,1.5,1,414.7086253693658,151,2.118595989876912,0
SAC,randomized,2,1.4,1.5,2,410.89199146789383,150,2.0959633477659665,0
SAC,randomized,2,1.4,1.5,3,416.80407284773673,154,2.111191111175891,0
SAC,randomized,2,1.4,1.5,4,411.73893226090416,154,2.0706266311289654,0
SAC,randomized,2,1.4,1.5,5,414.24858539123306,155,2.0826602308139606,0
SAC,randomized,2,1.4,1.5,6,412.7713175123115,153,2.086933028074589,0
SAC,randomized,2,1.4,1.5,7,417.1397244346158,156,2.097853068268065,0
SAC,randomized,2,1.4,1.5,8,411.1347539279917,153,2.073819577040067,0
SAC,randomized,2,1.4,1.5,9,418.1134000893725,153,2.129726556020216,0
